id,ltable_id,rtable_id,ltable_movie_title,ltable_year,rtable_movie_title,rtable_year
32,592.0,571847.0,prison break,"[2005, 1978]",prison break,2008.0
33,3476.0,571847.0,prison break,2005,prison break,2008.0
34,2365.0,828790.0,las vegas,"[2003, 1963]",viva las vegas,1964.0
37,1450.0,828790.0,las vegas,"[2003, 1963]",viva las vegas,1964.0
40,307.0,53603.0,an american tail: fievel goes west,1991,an american tail: fievel goes west,1991.0
42,2634.0,527545.0,once upon a wheel,1971,once upon a scoundrel,1974.0
48,5010.0,827242.0,vinyl,"[2016, 1970]",vinyl,1965.0
58,4949.0,722638.0,the great gatsby,"[2013, 2006]",the great gabble,2003.0
59,3283.0,260836.0,from hell,2001,from hell,2001.0
66,3251.0,711622.0,the doors,1991,the doors,1991.0
67,2264.0,711622.0,the doors,"[1991, 1965]",the doors,1991.0
68,411.0,711622.0,the doors,"[1991, 1967]",the doors,1991.0
69,4515.0,711622.0,the doors,"[1991, 1967]",the doors,1991.0
70,4092.0,711622.0,the doors,1991,the doors,1991.0
73,4723.0,700054.0,the boys are back,2009,the boys are back,2009.0
86,2281.0,407456.0,lantana,"[2001, 1999]",lantana,2001.0
91,6703.0,851054.0,me without you,"[2001, 1982]",without you,2005.0
92,5545.0,851054.0,me without you,"[2001, 1975]",without you,2005.0
95,5055.0,778540.0,here i am,"[2011, 2006]",there i am,2011.0
106,159.0,749369.0,the perfect score,"[2004, 2002]",the perfect show,2007.0
111,3714.0,498542.0,narco,2004,narco,2004.0
114,5690.0,839179.0,welcome to the 80s,"[2009, 1981]",welcome to the majority,2013.0
115,1134.0,839179.0,welcome to the 80s,"[2009, 1998]",welcome to the majority,2013.0
116,3244.0,839179.0,welcome to the 80s,"[2009, 1986]",welcome to the majority,2013.0
117,174.0,839179.0,welcome to the 80s,"[2009, 1988]",welcome to the majority,2013.0
118,2251.0,839179.0,welcome to the 80s,"[2009, 1985]",welcome to the majority,2013.0
119,3814.0,839179.0,welcome to the 80s,"[2009, 2006]",welcome to the majority,2013.0
120,1817.0,839179.0,welcome to the 80s,"[2009, 1980]",welcome to the majority,2013.0
121,837.0,839179.0,welcome to the 80s,2009,welcome to the majority,2013.0
122,1894.0,839179.0,welcome to the 80s,"[2009, 2006]",welcome to the majority,2013.0
123,2414.0,839179.0,welcome to the 80s,"[2009, 1981]",welcome to the majority,2013.0
124,6805.0,839179.0,welcome to the 80s,"[2009, 1992]",welcome to the majority,2013.0
125,5001.0,839179.0,welcome to the 80s,"[2009, 1988]",welcome to the majority,2013.0
126,4565.0,839179.0,welcome to the 80s,2009,welcome to the majority,2013.0
127,2038.0,839179.0,welcome to the 80s,"[2009, 1980]",welcome to the majority,2013.0
128,4088.0,839179.0,welcome to the 80s,"[2009, 2006]",welcome to the majority,2013.0
130,1741.0,363168.0,kaboom,"[2010, 2009]",kaboom,2010.0
136,1432.0,833034.0,wake,"[2009, 2008]",wake,2003.0
139,935.0,827245.0,vinyl,"[2016, 2000]",vinyl,2000.0
150,4047.0,372363.0,kick-ass,"[2010, 2008]",kick-ass 2,2013.0
162,1816.0,78112.0,riris back to work,"[2016, 2005]",back to work,2013.0
172,2906.0,855979.0,xuxa requebra,1999,xuxa requebra,1999.0
179,5235.0,665411.0,stoned,2005,stoned,2005.0
192,5337.0,702431.0,the comedian,"[2012, 2001]",the career comedian,2012.0
193,3893.0,313069.0,hot coffee,"[2011, 2006]",hot coffee,2011.0
194,6004.0,733022.0,the last stand,"[2013, 1970]",the last round,2015.0
215,1559.0,542717.0,panther,1995,panther,1999.0
222,4630.0,712566.0,this is the end,"[2013, 1982]",the end,2016.0
223,5515.0,569663.0,premature,2014,premature closure,2016.0
225,3887.0,754865.0,the deal,"[2008, 2006]",the reel deal,2002.0
226,985.0,754865.0,the deal,"[2005, 2003]",the reel deal,2002.0
231,3850.0,510994.0,nobody,2012,nobody,2007.0
234,5660.0,756157.0,the wedding ringer,"[2015, 2009]",the ringer,2013.0
258,2442.0,616883.0,saturday night live,"[1975, 2008]",saturday night chills,2013.0
270,6743.0,616883.0,saturday night live,"[1975, 2009]",saturday night chills,2013.0
282,1168.0,616883.0,saturday night live,"[1975, 2009]",saturday night chills,2013.0
286,5416.0,616883.0,saturday night live,"[1975, 2008]",saturday night chills,2013.0
288,5504.0,616883.0,saturday night live,"[1975, 2009]",saturday night chills,2013.0
295,1821.0,616883.0,saturday night live,"[1975, 2010]",saturday night chills,2013.0
304,3943.0,837122.0,we are your friends,"[2015, 2003]",we are your friends,2015.0
308,4671.0,839154.0,welcome to the dollhouse,1995,welcome to the dollhouse,1995.0
309,1759.0,839154.0,welcome to the dollhouse,1995,welcome to the dollhouse,1995.0
312,584.0,459251.0,married life,"[2007, 2004]",married life,2007.0
320,6975.0,286212.0,gutter king,2010,gutter king,2010.0
321,4615.0,860761.0,you dont know jack,"[2010, 1973]",you don't know jack,2006.0
322,3952.0,860761.0,you dont know jack,2010,you don't know jack,2006.0
323,896.0,860761.0,you dont know jack,"[2010, 1995]",you don't know jack,2006.0
324,706.0,759457.0,the secret life of pets,"[2016, 1975]",the secret life of balloons,2014.0
353,7235.0,767642.0,the silent thief,"[2012, 2001]",the thief,2011.0
367,4868.0,492229.0,homeland,"[2011, 1956]",my homeland,2014.0
368,6017.0,265801.0,game over,"[2005, 2003]",game over,2008.0
371,6623.0,818693.0,v2 - j��tynyt enkeli,2007,v2 - j??tynyt enkeli,2007.0
382,1289.0,564406.0,pontiac moon,"[1994, 1969]",pontiac moon,1994.0
387,2803.0,720974.0,the hardy girls,"[1974, 1970]",the girls,1968.0
395,1835.0,720974.0,the hardy girls,"[1974, 1970]",the girls,1968.0
397,4551.0,720974.0,the hardy girls,"[1974, 1970]",the girls,1968.0
403,2344.0,510160.0,no subtitles necessary: laszlo & vilmos,"[2008, 2004]",no subtitles necessary: laszlo & vilmos,2008.0
426,6144.0,718195.0,the forger,"[2012, 1988]",the forger,2012.0
427,1215.0,718195.0,the forger,2012,the forger,2012.0
442,6869.0,819378.0,vacation,"[2015, 1981]",vacation,2012.0
447,2664.0,373755.0,killing bono,"[2011, 1984]",killing bono,2011.0
462,654.0,861552.0,you  me and dupree,"[2006, 2005]",you  me and dupree,2006.0
463,6978.0,861552.0,you  me and dupree,"[2006, 1977]",you  me and dupree,2006.0
464,1359.0,861552.0,you  me and dupree,"[2006, 2002]",you  me and dupree,2006.0
467,2850.0,505230.0,the nice guys,"[2016, 1999]",nice guys,2000.0
470,5462.0,721809.0,the girl,2012,the good girl,2011.0
473,5747.0,536406.0,shes out of control,"[1989, 1959]",out of control,1987.0
474,4302.0,536406.0,shes out of control,"[1989, 1959]",out of control,1987.0
475,3320.0,536406.0,shes out of control,"[1989, 1959]",out of control,1987.0
476,3055.0,491875.0,my first mister,"[2001, 1999]",my first mister,2001.0
478,6235.0,737099.0,the look of love,"[2013, 1996]",the love,2016.0
481,944.0,49344.0,alvin and the chipmunks,"[2007, 1980]",alvin and the chipmunks easter collection,2012.0
491,6666.0,106229.0,bones,2005,bones,2001.0
492,4120.0,106229.0,bones,"[2001, 1991]",bones,2001.0
493,163.0,106229.0,bones,"[2005, 1999]",bones,2001.0
494,4786.0,106229.0,bones,2005,bones,2001.0
495,5722.0,106229.0,bones,"[2005, 2010]",bones,2001.0
496,5730.0,106229.0,bones,2005,bones,2001.0
497,2534.0,106229.0,bones,"[2005, 2004]",bones,2001.0
498,1774.0,106229.0,bones,"[2005, 2003]",bones,2001.0
502,7105.0,289640.0,halloween ii,2009,halloween,2007.0
503,5492.0,289640.0,halloween ii,"[2009, 1998]",halloween,2007.0
510,4316.0,711942.0,the dream,"[2014, 2003]",the dream role,2011.0
511,879.0,711942.0,the dream,"[2014, 2003]",the dream role,2011.0
515,6077.0,631917.0,shelter,2014,shangku shelter,2017.0
519,686.0,77711.0,the bachelor,"[2002, 2006]",bachelor,2004.0
520,3068.0,77711.0,the bachelor,"[2002, 1982]",bachelor,2004.0
528,2488.0,565116.0,popular,"[1999, 2008]",popular,2011.0
529,4795.0,701020.0,the buddy holly story,"[1978, 1973]",the buddy holly story,1978.0
530,3359.0,701020.0,the buddy holly story,"[1978, 1973]",the buddy holly story,1978.0
531,5466.0,701020.0,the buddy holly story,1978,the buddy holly story,1978.0
534,6148.0,256575.0,four jills in a jeep,1944,four jills in a jeep,1944.0
537,6761.0,780446.0,this is it,"[2009, 1991]",this is it,2009.0
538,1257.0,780446.0,this is it,2009,this is it,2009.0
539,4938.0,780446.0,this is it,"[2009, 1991]",this is it,2009.0
540,3516.0,528814.0,one mississippi,2015,one mississippi,2011.0
552,47.0,288715.0,year of the dog,2007,hair of the dog,2008.0
555,2987.0,397695.0,la linea,"[2009, 2008]",la linea,2009.0
556,863.0,276485.0,in the name of the father,"[1993, 1976]",god's dominion: in the name of the father,1993.0
558,6078.0,201599.0,down,2001,down,1999.0
561,6966.0,700885.0,the rhino brothers,"[2002, 1992]",the brothers,1987.0
566,5583.0,698474.0,the dilemma,"[2011, 2006]",the blackhawk dilemma,2016.0
567,2753.0,774294.0,the wedding tackle,"[2000, 1969]",the wedding toast,1999.0
568,215.0,774294.0,the wedding tackle,"[2000, 1979]",the wedding toast,1999.0
572,1831.0,109225.0,boys and girls,"[2000, 1999]",boys and balls,1994.0
574,4745.0,722609.0,the great everything & the nothing,"[2016, 1999]",the great everything & the nothing,2016.0
575,2877.0,722609.0,the great everything & the nothing,"[2016, 2008]",the great everything & the nothing,2016.0
576,6104.0,722609.0,the great everything & the nothing,"[2016, 2007]",the great everything & the nothing,2016.0
582,5583.0,772197.0,the dilemma,"[2011, 2006]",the venetian dilemma,2004.0
583,1375.0,237395.0,face,"[2002, 1999]",face ? face,2003.0
584,4489.0,434840.0,lone star,"[1996, 1990]",lone star hate,1998.0
585,4435.0,434840.0,lone star,"[1996, 1993]",lone star hate,1998.0
592,499.0,480342.0,mad money,"[2008, 1971]",money,2007.0
593,6.0,860689.0,you cant hurry love,1988,you can't hurry love,1988.0
606,3632.0,251022.0,flight,"[2012, 1972]",flight,1967.0
607,4119.0,157964.0,crossing the lake,"[2010, 1989]",crossing the river,1988.0
613,932.0,760800.0,the roseanne show,"[1997, 1998]",the show,2002.0
619,5233.0,760800.0,the roseanne show,1997,the show,2002.0
620,2074.0,204599.0,drive angry,"[2011, 2007]",drive angry,2012.0
622,5462.0,745191.0,the girl,2012,the night girl,2016.0
634,2178.0,729754.0,the interview,"[2014, 2009]",the jimmy poodle interview,2016.0
635,5809.0,729754.0,the interview,"[2014, 2009]",the jimmy poodle interview,2016.0
639,706.0,759487.0,the secret life of pets,"[2016, 1975]",the secret of life,2016.0
643,2.0,723943.0,the warriors,"[2005, 1979]",the gypsy warriors,1978.0
645,619.0,723943.0,the warriors,"[2005, 1978]",the gypsy warriors,1978.0
647,1362.0,763904.0,the stag,"[2013, 1940]",the stag,2009.0
673,6743.0,616903.0,saturday night live,"[1975, 2009]",saturday night thing,2014.0
685,1168.0,616903.0,saturday night live,"[1975, 2009]",saturday night thing,2014.0
691,5504.0,616903.0,saturday night live,"[1975, 2009]",saturday night thing,2014.0
699,1821.0,616903.0,saturday night live,"[1975, 2010]",saturday night thing,2014.0
712,5890.0,187319.0,diary,"[2010, 1994]",diary,1998.0
716,2937.0,256355.0,found footage festival volume 1: live in brooklyn,2005,found footage festival volume 4: live in tucson,2009.0
721,5636.0,471542.0,midnight heat,"[2007, 1987]",midnight,2010.0
722,2662.0,471542.0,midnight heat,"[2007, 1984]",midnight,2010.0
725,1834.0,697661.0,the big year,"[2011, 1964]",the big sur,1965.0
726,162.0,260257.0,friends with kids,"[2011, 2005]",friends with fins,2014.0
729,5747.0,536408.0,shes out of control,"[1989, 1959]",out of control,1992.0
730,4302.0,536408.0,shes out of control,"[1989, 1959]",out of control,1992.0
731,3320.0,536408.0,shes out of control,"[1989, 1959]",out of control,1992.0
737,3132.0,458298.0,woman in the mirror,2013,marie in the mirror,2010.0
745,1501.0,803900.0,one night stand,"[2010, 1989]",two night stand,2005.0
750,7102.0,537630.0,somewhere over the rainbow,"[2014, 1978]",over the rainbow,2015.0
756,1654.0,688252.0,terminal city ricochet,"[1990, 1989]",terminal city ricochet,1990.0
758,2026.0,854181.0,wrong side of town,"[2010, 2007]",wrong side of the bus,2009.0
760,5812.0,246972.0,final destination,"[2000, 1993]",final destination,2000.0
761,4570.0,836405.0,watercolor postcards,"[2013, 1970]",watercolor postcards,2013.0
765,3403.0,39208.0,after the sunset,2004,after the sunrise,2008.0
775,1470.0,400424.0,la personne aux deux personnes,2008,la personne aux deux personnes,2008.0
776,1592.0,708979.0,the singing detective,2003,the dead detective,2008.0
779,4807.0,708979.0,the singing detective,"[2003, 1959]",the dead detective,2008.0
780,1246.0,708979.0,the singing detective,"[2003, 1958]",the dead detective,2008.0
782,874.0,708979.0,the singing detective,2003,the dead detective,2008.0
783,934.0,708979.0,the singing detective,"[2003, 2000]",the dead detective,2008.0
786,5376.0,744889.0,the butcher,"[2013, 2005]",the new york butcher,2016.0
792,6005.0,705419.0,the coming thing,1970,the coming thing,1970.0
793,1285.0,837465.0,we need to talk about kevin,"[2011, 2009]",we need to talk about kieran,2011.0
794,5462.0,725585.0,the girl,2012,the hidden girl,2010.0
812,5473.0,439501.0,lou,2010,lou,2009.0
813,4719.0,200172.0,doragon b�ru z: tobikkiri no saiky� tai saiky�,"[1991, 2005]",doragon b?ru z: tobikkiri no saiky? tai saiky?,1991.0
814,863.0,335627.0,in the name of the father,"[1993, 1976]",in the name of the brotherhood,1996.0
821,2115.0,499501.0,nativity 2: danger in the manger!,"[2012, 2006]",nativity 2: danger in the manger!,2012.0
822,7074.0,499501.0,nativity 2: danger in the manger!,"[2012, 2006]",nativity 2: danger in the manger!,2012.0
823,5578.0,499501.0,nativity 2: danger in the manger!,"[2012, 2006]",nativity 2: danger in the manger!,2012.0
832,1351.0,331908.0,imitation life,"[2008, 2004]",imitation,2007.0
833,1409.0,503966.0,new orleans,"[1947, 1987]",new orleans,1947.0
834,3336.0,503966.0,new orleans,"[1947, 1987]",new orleans,1947.0
836,5371.0,503966.0,new orleans,"[1947, 1987]",new orleans,1947.0
839,1657.0,302163.0,heroes,"[2006, 1999]",heroes,1999.0
848,863.0,335628.0,in the name of the father,"[1993, 1976]",in the name of the emperor,1998.0
852,1134.0,839180.0,welcome to the 80s,"[2009, 1998]",welcome to the max,1993.0
853,6805.0,839180.0,welcome to the 80s,"[2009, 1992]",welcome to the max,1993.0
855,174.0,839180.0,welcome to the 80s,"[2009, 1988]",welcome to the max,1993.0
862,5001.0,839180.0,welcome to the 80s,"[2009, 1988]",welcome to the max,1993.0
867,5879.0,840841.0,what happens in vegas,"[2008, 2006]",what happens in vegas,2008.0
868,383.0,840841.0,what happens in vegas,"[2008, 1997]",what happens in vegas,2008.0
876,5870.0,419292.0,legend,"[2015, 1999]",legend,2013.0
877,5462.0,720382.0,the girl,2012,the girl,2009.0
883,6854.0,693549.0,the affair,"[2014, 1988]",the applesauce affair,2009.0
884,4396.0,693549.0,the affair,"[2014, 1974]",the applesauce affair,2009.0
885,6603.0,674279.0,surviving christmas,"[2004, 2009]",surviving christmas,2004.0
888,266.0,430510.0,lip service,"[2010, 2009]",lip service,2013.0
889,3190.0,430510.0,lip service,"[2010, 1978]",lip service,2013.0
890,232.0,430510.0,lip service,"[2010, 1978]",lip service,2013.0
891,3324.0,430510.0,lip service,"[2010, 2009]",lip service,2013.0
897,371.0,93229.0,beware the gonzo,"[2010, 2009]",beware the gonzo,2010.0
918,5376.0,692499.0,the butcher,"[2013, 2005]",the alabama butcher,2016.0
921,6313.0,94733.0,friends,1994,bi friends,1996.0
922,5520.0,94733.0,friends,"[1994, 1996]",bi friends,1996.0
923,1007.0,94733.0,friends,"[1994, 1998]",bi friends,1996.0
925,5846.0,108359.0,bound for glory,1976,bound for glory,1976.0
926,5612.0,244991.0,fever pitch,"[2005, 2004]",fever pitch,2005.0
927,3509.0,528849.0,one day,"[2011, 1988]",one more day,2010.0
930,5939.0,457857.0,margot at the wedding,"[2007, 1972]",margot at the wedding,2007.0
934,366.0,606689.0,rush,"[1991, 1983]",rush,1983.0
942,5180.0,860471.0,you again,"[2010, 2008]",you again,2010.0
943,573.0,860471.0,you again,"[2010, 2003]",you again,2010.0
950,4496.0,667908.0,strike!,"[1998, 1965]",strike!,2002.0
969,2588.0,692126.0,the adventures of sebastian cole,1998,the adventures of sebastian cole,1998.0
970,2208.0,692126.0,the adventures of sebastian cole,1998,the adventures of sebastian cole,1998.0
972,4906.0,103885.0,bluesland: a portrait in american music,1993,bluesland: a portrait in american music,1993.0
976,4448.0,737115.0,the box,2009,the love box,2007.0
979,574.0,690906.0,the x factor,"[2004, 2009]",the 'wow' factor,2011.0
982,4212.0,690906.0,the x factor,"[2004, 2009]",the 'wow' factor,2011.0
986,1693.0,690906.0,the x factor,"[2004, 2009]",the 'wow' factor,2011.0
987,6345.0,690906.0,the x factor,"[2004, 2008]",the 'wow' factor,2011.0
988,2764.0,690906.0,the x factor,"[2004, 2008]",the 'wow' factor,2011.0
991,4920.0,690906.0,the x factor,"[2004, 2008]",the 'wow' factor,2011.0
992,5471.0,690906.0,the x factor,"[2004, 2009]",the 'wow' factor,2011.0
997,1091.0,164725.0,damages,"[2007, 2008]",damages,2013.0
1009,3276.0,776498.0,the world is just a b movie,1971,the world is just a 'b' movie,1971.0
1033,5376.0,701528.0,the butcher,"[2013, 2005]",the butcher,2009.0
1041,7092.0,741504.0,the hunter,"[2011, 1984]",the mighty hunter,2010.0
1042,4288.0,128333.0,catfish,"[2010, 2005]",catfish,2015.0
1044,7146.0,527636.0,once upon a time,"[2011, 1957]",once upon a time in the east,2011.0
1045,6071.0,527636.0,once upon a time,2011,once upon a time in the east,2011.0
1046,3769.0,482795.0,a mi manera,"[2016, 1995]",morir a mi manera,1994.0
1052,3913.0,204000.0,dreamtime,"[2002, 2001]",dreamtime,2006.0
1055,6763.0,291326.0,hans christian andersen,"[1952, 1988]",hans christian andersen fairy tales,1952.0
1056,1412.0,776880.0,the writer,2004,the writer,2007.0
1057,7228.0,492922.0,my name is earl,"[2005, 2008]",my name is paul,2013.0
1064,1962.0,28191.0,a thousand words,2012,a thousand winds,2012.0
1069,1966.0,565555.0,porkys ii: the next day,"[1983, 1986]",porky's ii: the next day,1983.0
1070,2021.0,565555.0,porkys ii: the next day,"[1983, 1986]",porky's ii: the next day,1983.0
1081,447.0,173538.0,dead end drive-in,"[1986, 2003]",dead end drive,2007.0
1084,157.0,740133.0,the mindy project,"[2012, 2004]",the mars project,2008.0
1085,1281.0,740133.0,the mindy project,"[2012, 1976]",the mars project,2008.0
1086,4398.0,740133.0,the mindy project,"[2012, 2004]",the mars project,2008.0
1087,6454.0,740133.0,the mindy project,2012,the mars project,2008.0
1088,6140.0,740133.0,the mindy project,"[2012, 1986]",the mars project,2008.0
1089,3392.0,45050.0,alias,"[2001, 2002]",alias,2002.0
1090,5794.0,45050.0,alias,"[2001, 1996]",alias,2002.0
1093,2808.0,480402.0,the money shot,"[2005, 1991]",money shot,2002.0
1097,3670.0,604693.0,royal flash,1975,royal flash,1975.0
1101,799.0,52415.0,waking the dead,"[2000, 1997]",among the dead,1997.0
1103,4773.0,160555.0,cursed,"[2005, 2003]",cursed,2005.0
1105,2059.0,448918.0,made in chelsea,"[2011, 2004]",made in china,2006.0
1106,5154.0,448918.0,made in chelsea,"[2011, 2008]",made in china,2006.0
1107,5166.0,448918.0,made in chelsea,"[2011, 2007]",made in china,2006.0
1108,1589.0,448918.0,made in chelsea,"[2011, 2010]",made in china,2006.0
1109,5708.0,448918.0,made in chelsea,2011,made in china,2006.0
1110,5199.0,448918.0,made in chelsea,"[2011, 2008]",made in china,2006.0
1111,5764.0,448918.0,made in chelsea,"[2011, 2010]",made in china,2006.0
1112,4751.0,448918.0,made in chelsea,2011,made in china,2006.0
1113,1685.0,448918.0,made in chelsea,"[2011, 2009]",made in china,2006.0
1114,1701.0,448918.0,made in chelsea,2011,made in china,2006.0
1115,5358.0,448918.0,made in chelsea,"[2011, 2007]",made in china,2006.0
1116,5910.0,448918.0,made in chelsea,"[2011, 2009]",made in china,2006.0
1117,1309.0,448918.0,made in chelsea,"[2011, 2010]",made in china,2006.0
1118,5411.0,448918.0,made in chelsea,"[2011, 2009]",made in china,2006.0
1119,314.0,448918.0,made in chelsea,"[2011, 1980]",made in china,2006.0
1120,5998.0,448918.0,made in chelsea,"[2011, 2005]",made in china,2006.0
1121,6016.0,448918.0,made in chelsea,"[2011, 2010]",made in china,2006.0
1122,2990.0,448918.0,made in chelsea,"[2011, 2009]",made in china,2006.0
1123,3002.0,448918.0,made in chelsea,"[2011, 2010]",made in china,2006.0
1141,2378.0,536417.0,carts of darkness,"[2008, 2006]",out of darkness,2010.0
1142,2099.0,29489.0,a walk to beautiful,"[2007, 2005]",a walk to beautiful,2007.0
1143,6497.0,29489.0,a walk to beautiful,"[2007, 2005]",a walk to beautiful,2007.0
1144,6259.0,849337.0,man of the house,2005,wine of the house,2004.0
1146,3223.0,849337.0,man of the house,"[2005, 1962]",wine of the house,2004.0
1147,854.0,736771.0,the lost city,2005,the lost colony,2007.0
1151,6935.0,535431.0,ouija,"[2003, 2002]",ouija,2003.0
1153,5156.0,693378.0,the social network,"[2010, 1996]",the anti-social network,2013.0
1154,5156.0,762475.0,the social network,"[2010, 1996]",the social worker,2013.0
1160,6819.0,760558.0,the shield,"[2002, 2000]",the shield,2002.0
1161,2739.0,760558.0,the shield,2002,the shield,2002.0
1162,4303.0,760558.0,the shield,"[2002, 1977]",the shield,2002.0
1163,7121.0,760558.0,the shield,"[2002, 2003]",the shield,2002.0
1164,4450.0,760558.0,the shield,"[2002, 2004]",the shield,2002.0
1165,4199.0,760558.0,the shield,"[2002, 2000]",the shield,2002.0
1166,7003.0,706011.0,the master,2012,the control master,2008.0
1203,2973.0,813999.0,union,"[2013, 1973]",union,2011.0
1205,6235.0,691658.0,the look of love,"[2013, 1996]",the act of love,2010.0
1206,4953.0,691658.0,the edge of love,2008,the act of love,2010.0
1208,1273.0,451072.0,made of honor,"[2008, 1984]",maid of honor,2003.0
1216,3843.0,768319.0,color war 8: the ties that bind,"[2014, 1993]",the ties that bind,2009.0
1224,4459.0,752916.0,the purifiers,"[2004, 2002]",the purifiers,2004.0
1236,854.0,704269.0,the lost city,2005,the city,2010.0
1237,499.0,448406.0,mad money,"[2008, 1971]",mad money,2008.0
1239,6458.0,743035.0,the motel life,"[2012, 2002]",the motel,2010.0
1240,437.0,664692.0,standing still,"[2005, 1974]",still standing,2005.0
1241,5861.0,18100.0,french film,2008,a french film,2012.0
1243,4295.0,706387.0,the swing of things,"[2013, 1996]",the cost of things,2016.0
1247,4448.0,694824.0,the box,2009,the aztec box,2013.0
1248,4496.0,667905.0,strike!,"[1998, 1965]",strike!,1965.0
1249,636.0,114679.0,buddy,"[2003, 2002]",buddy,1997.0
1254,3356.0,538295.0,p & b,"[1983, 1998]",p & b,1983.0
1255,600.0,801615.0,tuno negro,"[2001, 2000]",tuno negro,2001.0
1256,996.0,97809.0,bird,1988,bird,1988.0
1257,17.0,698578.0,the bleeding,"[2011, 2008]",the bleeding,2011.0
1258,3217.0,698578.0,the bleeding,"[2011, 2008]",the bleeding,2011.0
1260,3271.0,344918.0,it takes two,"[2006, 2004]",it takes two to tango,2004.0
1263,1345.0,167328.0,dark blue,2016,dark blue,2016.0
1270,5531.0,134007.0,cheaper by the dozen 2,2005,cheaper by the dozen,2003.0
1273,47.0,858143.0,year of the dog,2007,year of the rat,2011.0
1292,939.0,108902.0,boy eats girl,"[2005, 2003]",boy greets girl,2008.0
1293,114.0,108902.0,boy eats girl,"[2005, 2003]",boy greets girl,2008.0
1300,5110.0,809868.0,unreal,"[2015, 2006]",unreal,2015.0
1301,944.0,49348.0,alvin and the chipmunks,"[2007, 1980]",alvin and the chipmunks: the squeakquel,2009.0
1306,7003.0,740342.0,the master,2012,the master,2012.0
1307,1869.0,125913.0,carne,1991,carne,1991.0
1331,5197.0,247650.0,finding the funk,2013,finding the funny,2012.0
1332,94.0,247650.0,finding the funk,2013,finding the funny,2012.0
1336,5749.0,697876.0,the bag man,"[2014, 1969]",the bird man,2016.0
1337,7068.0,732911.0,the last sect,2006,the last post,2011.0
1338,3538.0,732911.0,the last sect,"[2006, 2004]",the last post,2011.0
1352,3998.0,51107.0,american beauty,1999,american beauty,1999.0
1353,7080.0,51107.0,american beauty,"[1999, 1998]",american beauty,1999.0
1354,2856.0,723195.0,the greatest,"[2009, 2007]",the greatest victory,2013.0
1362,5843.0,824216.0,vertige,"[2009, 1995]",vertige,2008.0
1363,7265.0,756132.0,the bling ring,"[2013, 2009]",the ring thing,2015.0
1365,1207.0,361243.0,just a kiss,"[2002, 1998]",just a kid,2002.0
1374,3913.0,204001.0,dreamtime,"[2002, 2001]",dreamtime,2007.0
1376,39.0,691153.0,the 40 year old virgin,"[2005, 1988]",the 40 year old virgin,2005.0
1377,4733.0,691153.0,the 40 year old virgin,"[2005, 1983]",the 40 year old virgin,2005.0
1378,425.0,691153.0,the 40 year old virgin,"[2005, 1988]",the 40 year old virgin,2005.0
1385,4316.0,728075.0,the dream,"[2014, 2003]",the impossible dream,2017.0
1386,879.0,728075.0,the dream,"[2014, 2003]",the impossible dream,2017.0
1387,499.0,480340.0,mad money,"[2008, 1971]",money,2005.0
1388,6350.0,314796.0,how i got into college,"[1989, 1987]",how i got into college,1989.0
1393,1973.0,772820.0,the voice,"[2012, 1974]",the voice box,2010.0
1394,1360.0,772820.0,the voice uk,"[2012, 2007]",the voice box,2010.0
1395,4448.0,772820.0,the box,2009,the voice box,2010.0
1404,4681.0,729034.0,the invisible circus,"[2001, 2005]",the invisible,2007.0
1405,5580.0,729034.0,griff the invisible,"[2010, 2009]",the invisible,2007.0
1406,627.0,384432.0,l�cume des jours,"[2013, 1999]",l'?cume des jours,2013.0
1409,4882.0,438573.0,lost,"[2004, 1965]",lost,2007.0
1410,3570.0,438573.0,lost,"[2004, 1998]",lost,2007.0
1415,895.0,36508.0,apocalypse,"[1998, 1993]",adam's apocalypse,2003.0
1418,5690.0,839143.0,welcome to the 80s,"[2009, 1981]",welcome to the bathtub,2011.0
1419,1134.0,839143.0,welcome to the 80s,"[2009, 1998]",welcome to the bathtub,2011.0
1420,3244.0,839143.0,welcome to the 80s,"[2009, 1986]",welcome to the bathtub,2011.0
1421,174.0,839143.0,welcome to the 80s,"[2009, 1988]",welcome to the bathtub,2011.0
1422,2251.0,839143.0,welcome to the 80s,"[2009, 1985]",welcome to the bathtub,2011.0
1423,3814.0,839143.0,welcome to the 80s,"[2009, 2006]",welcome to the bathtub,2011.0
1424,1817.0,839143.0,welcome to the 80s,"[2009, 1980]",welcome to the bathtub,2011.0
1425,837.0,839143.0,welcome to the 80s,2009,welcome to the bathtub,2011.0
1426,1894.0,839143.0,welcome to the 80s,"[2009, 2006]",welcome to the bathtub,2011.0
1427,2414.0,839143.0,welcome to the 80s,"[2009, 1981]",welcome to the bathtub,2011.0
1428,6805.0,839143.0,welcome to the 80s,"[2009, 1992]",welcome to the bathtub,2011.0
1429,5001.0,839143.0,welcome to the 80s,"[2009, 1988]",welcome to the bathtub,2011.0
1430,4565.0,839143.0,welcome to the 80s,2009,welcome to the bathtub,2011.0
1431,2038.0,839143.0,welcome to the 80s,"[2009, 1980]",welcome to the bathtub,2011.0
1432,4088.0,839143.0,welcome to the 80s,"[2009, 2006]",welcome to the bathtub,2011.0
1455,4097.0,649458.0,so you think you can dance canada,"[2008, 2009]",so you think you can prance,2013.0
1456,2054.0,649458.0,so you think you can dance,"[2005, 2009]",so you think you can prance,2013.0
1457,6190.0,649458.0,so you think you can dance canada,"[2008, 2007]",so you think you can prance,2013.0
1464,6301.0,649458.0,so you think you can dance,"[2005, 2009]",so you think you can prance,2013.0
1468,2267.0,649458.0,so you think you can dance,"[2005, 2009]",so you think you can prance,2013.0
1470,2311.0,649458.0,so you think you can dance,"[2005, 2008]",so you think you can prance,2013.0
1471,6079.0,649458.0,so you think you can dance canada,2008,so you think you can prance,2013.0
1472,4460.0,649458.0,so you think you can dance canada,2008,so you think you can prance,2013.0
1474,1461.0,649458.0,so you think you can dance,"[2005, 2009]",so you think you can prance,2013.0
1476,2492.0,649458.0,so you think you can dance,"[2005, 2009]",so you think you can prance,2013.0
1480,2981.0,649458.0,so you think you can dance,"[2005, 2010]",so you think you can prance,2013.0
1481,969.0,649458.0,so you think you can dance,"[2005, 2010]",so you think you can prance,2013.0
1482,3074.0,649458.0,so you think you can dance canada,"[2008, 2005]",so you think you can prance,2013.0
1484,5153.0,649458.0,so you think you can dance,"[2005, 2009]",so you think you can prance,2013.0
1485,5168.0,649458.0,so you think you can dance canada,"[2008, 2006]",so you think you can prance,2013.0
1488,7017.0,649458.0,so you think you can dance canada,"[2008, 2006]",so you think you can prance,2013.0
1490,3256.0,649458.0,so you think you can dance,"[2005, 2009]",so you think you can prance,2013.0
1491,6015.0,649458.0,so you think you can dance canada,"[2008, 1998]",so you think you can prance,2013.0
1494,1423.0,649458.0,so you think you can dance canada,"[2008, 2007]",so you think you can prance,2013.0
1499,1739.0,649458.0,so you think you can dance canada,"[2008, 2009]",so you think you can prance,2013.0
1500,3835.0,649458.0,so you think you can dance canada,2008,so you think you can prance,2013.0
1501,5894.0,649458.0,so you think you can dance canada,"[2008, 2001]",so you think you can prance,2013.0
1503,1815.0,649458.0,so you think you can dance,"[2005, 2009]",so you think you can prance,2013.0
1505,5975.0,649458.0,so you think you can dance canada,"[2008, 2004]",so you think you can prance,2013.0
1509,1995.0,649458.0,so you think you can dance canada,"[2008, 2007]",so you think you can prance,2013.0
1510,4776.0,649458.0,so you think you can dance canada,"[2008, 2007]",so you think you can prance,2013.0
1511,3328.0,725354.0,the help,2011,the help,2015.0
1512,6646.0,725354.0,the help,"[2011, 2005]",the help,2015.0
1514,2319.0,697235.0,the big bang theory,"[2007, 2004]",the big bang,2003.0
1519,2067.0,802266.0,tusk,"[2014, 1964]",tusk,2014.0
1520,4876.0,701469.0,the business of being born,"[2008, 2000]",the business of being born,2008.0
1528,5526.0,76361.0,baseketball,1998,baseketball,1998.0
1529,5286.0,76361.0,baseketball,1998,baseketball,1998.0
1530,410.0,812977.0,une hirondelle a fait le printemps,"[2001, 1997]",une hirondelle a fait le printemps,2001.0
1535,7258.0,486182.0,mental,"[2012, 1962]",mr. mental,2016.0
1540,3509.0,528850.0,one day,"[2011, 1988]",one more day,2012.0
1544,7108.0,245650.0,fifty shades of grey,"[2015, 2010]",fifty shades of kilroy,2016.0
1545,1341.0,538408.0,p.o.v.,"[1988, 2003]",p.o.v.,2008.0
1546,1342.0,538408.0,p.o.v.,"[1988, 2003]",p.o.v.,2008.0
1549,1140.0,859028.0,yesterdays hero,"[1979, 2005]",yesterdays,2009.0
1552,6761.0,780448.0,this is it,"[2009, 1991]",this is it,2013.0
1553,1257.0,780448.0,this is it,2009,this is it,2013.0
1554,4938.0,780448.0,this is it,"[2009, 1991]",this is it,2013.0
1560,1457.0,418901.0,led zeppelin: celebration day,"[2012, 2007]",led zeppelin: celebration day,2012.0
1561,6105.0,418901.0,led zeppelin: celebration day,"[2012, 2007]",led zeppelin: celebration day,2012.0
1562,1500.0,418901.0,led zeppelin: celebration day,2012,led zeppelin: celebration day,2012.0
1564,4931.0,261171.0,from within,"[2008, 2007]",from within,2011.0
1565,6782.0,652279.0,somebody loves me,"[1952, 1955]",somebody loves me,1952.0
1579,5172.0,770097.0,the truth about webcam girls,"[2014, 2009]",the truth about angels,2011.0
1580,5267.0,770097.0,the truth about webcam girls,"[2014, 2009]",the truth about angels,2011.0
1605,3348.0,555996.0,pi,1998,pi,1998.0
1615,3887.0,697347.0,the deal,"[2008, 2006]",the big deal,2009.0
1616,985.0,697347.0,the deal,"[2005, 2003]",the big deal,2009.0
1617,4465.0,479339.0,molly,"[2016, 1979]",molly,1983.0
1618,6071.0,527656.0,once upon a time,2011,once upon a time...,2006.0
1619,7146.0,527656.0,once upon a time,"[2011, 1957]",once upon a time...,2006.0
1623,1519.0,341260.0,going the distance,"[2010, 2008]",into the distance,2012.0
1628,1843.0,812212.0,undercover brother,2002,undercover brother,2002.0
1629,6288.0,812212.0,undercover brother,"[2002, 1976]",undercover brother,2002.0
1630,760.0,812212.0,undercover brother,"[2002, 1974]",undercover brother,2002.0
1632,5584.0,812212.0,undercover brother,"[2002, 1977]",undercover brother,2002.0
1643,5340.0,463923.0,me  myself & irene,2000,me  myself & irene,2000.0
1644,1626.0,779991.0,third world cop,1999,third world cop,1999.0
1646,1299.0,197082.0,dogtown and z-boys,"[2001, 1967]",dogtown and z-boys,2001.0
1649,3919.0,358304.0,joy division,2007,joy division,2010.0
1650,6877.0,672851.0,super,2010,super power,2013.0
1654,5048.0,93125.0,beverly hills cop iii,1994,beverly hills cop iii,1994.0
1655,6854.0,728807.0,the affair,"[2014, 1988]",the internet affair,2016.0
1656,4396.0,728807.0,the affair,"[2014, 1974]",the internet affair,2016.0
1660,6371.0,59418.0,anna,"[1967, 1998]",anna,1995.0
1661,1019.0,116960.0,burning palms,"[2010, 2009]",burning palms,2010.0
1668,5290.0,477989.0,mo better blues,1990,mo' better blues,1990.0
1669,2940.0,477989.0,mo better blues,1990,mo' better blues,1990.0
1670,4448.0,698182.0,the box,2009,the black box,2011.0
1675,5151.0,666723.0,strange wilderness,"[2008, 2003]",strange wilderness,2008.0
1682,5015.0,311010.0,honey,2003,honey,2000.0
1683,2023.0,311010.0,honey,2003,honey,2000.0
1689,3132.0,739536.0,woman in the mirror,2013,the man in the mirror,2014.0
1691,4814.0,659515.0,spotlight,"[2015, 2000]",spotlight,2012.0
1701,108.0,154573.0,county kilburn,2000,county kilburn,2000.0
1702,5467.0,154573.0,county kilburn,2000,county kilburn,2000.0
1703,7123.0,154573.0,county kilburn,"[2000, 2010]",county kilburn,2000.0
1707,5077.0,821411.0,varjoja paratiisissa,"[1986, 1993]",varjoja paratiisissa,1986.0
1709,6877.0,672625.0,super,2010,super,2005.0
1712,6720.0,222515.0,ellis in glamourland,"[2004, 2001]",ellis in glamourland,2004.0
1713,1666.0,222515.0,ellis in glamourland,"[2004, 2001]",ellis in glamourland,2004.0
1714,704.0,222515.0,ellis in glamourland,"[2004, 2001]",ellis in glamourland,2004.0
1715,6235.0,736568.0,the look of love,"[2013, 1996]",the look of tenebrae,2015.0
1716,2178.0,693287.0,the interview,"[2014, 2009]",the ann handle interview,2014.0
1717,5809.0,693287.0,the interview,"[2014, 2009]",the ann handle interview,2014.0
1719,1081.0,661867.0,star 80,"[1983, 1986]",star 80,1983.0
1720,6074.0,661867.0,star 80,1983,star 80,1983.0
1722,6124.0,255405.0,forget me not,"[2009, 2006]",forget us not,2013.0
1723,2273.0,156173.0,crazy kind of love,"[2013, 1996]",crazy love,2009.0
1724,1967.0,156173.0,crazy kind of love,"[2013, 1986]",crazy love,2009.0
1725,2022.0,156173.0,crazy kind of love,"[2013, 1986]",crazy love,2009.0
1733,590.0,563806.0,pollock,"[2000, 1956]",pollock,2000.0
1734,7068.0,733055.0,the last sect,2006,the last secret,2001.0
1735,3538.0,733055.0,the last sect,"[2006, 2004]",the last secret,2001.0
1742,6595.0,374880.0,king of the cowboys,1943,king of the newsboys,1938.0
1749,2178.0,729781.0,the interview,"[2014, 2009]",the job interview,2011.0
1750,5809.0,729781.0,the interview,"[2014, 2009]",the job interview,2011.0
1754,2282.0,676982.0,swooner crooner,"[1944, 2005]",swooner crooner,1944.0
1755,974.0,543491.0,papurika,"[2006, 2007]",papurika,2006.0
1762,6475.0,719595.0,the party,"[1968, 1982]",the garden party,1973.0
1765,6004.0,733021.0,the last stand,"[2013, 1970]",the last round,2009.0
1767,3845.0,566876.0,post mortem,"[1999, 1993]",post mortem,2001.0
1768,2499.0,693304.0,the anniversary party,2001,the anniversary party,2001.0
1772,5067.0,755212.0,the replacement killers,1998,the replacement killers,1998.0
1773,2068.0,853847.0,wreckers,"[2011, 1964]",wreckers,2011.0
1783,5867.0,160257.0,cure for love,"[2008, 2002]",cure for love,2008.0
1786,1060.0,514806.0,nouvelle vague,"[1990, 1980]",nouvelle vague,1990.0
1796,3921.0,317498.0,human traffic,"[1999, 2010]",human traffic,2011.0
1797,2001.0,317498.0,human traffic,"[1999, 2010]",human traffic,2011.0
1798,6902.0,317498.0,human traffic,"[1999, 2010]",human traffic,2011.0
1800,2556.0,317498.0,human traffic,"[1999, 2010]",human traffic,2011.0
1804,5327.0,756820.0,the rocketeer,1991,the rocketeer,1991.0
1812,6854.0,741325.0,the affair,"[2014, 1988]",the midnite affair,2011.0
1813,4396.0,741325.0,the affair,"[2014, 1974]",the midnite affair,2011.0
1817,6112.0,223766.0,empire me - der staat bin ich!,"[2011, 2004]",empire me - der staat bin ich!,2011.0
1820,1273.0,449030.0,made of honor,"[2008, 1984]",made of honor,2008.0
1825,1285.0,837461.0,we need to talk about kevin,"[2011, 2009]",we need to talk about barbie,2016.0
1826,3014.0,858529.0,yellowknife,"[2002, 2005]",yellowknife,2002.0
1840,2581.0,770116.0,the truth about charlie,2002,the truth about gi joe,2002.0
1841,5334.0,770116.0,the truth about charlie,"[2002, 1999]",the truth about gi joe,2002.0
1842,6707.0,770116.0,the truth about charlie,2002,the truth about gi joe,2002.0
1843,4478.0,770116.0,the truth about charlie,"[2002, 1993]",the truth about gi joe,2002.0
1844,5586.0,770116.0,the truth about charlie,2002,the truth about gi joe,2002.0
1847,3415.0,292639.0,hard knocks,"[1980, 2009]",hard knocks,1980.0
1857,870.0,468134.0,mercedes sosa: como un p�jaro libre,"[1983, 1978]",mercedes sosa: como un p?jaro libre,1983.0
1860,7075.0,242355.0,fausto 5.0,"[2001, 1999]",fausto 5.0,2001.0
1868,1088.0,861832.0,young soul rebels,"[1991, 1979]",young rebels,1989.0
1869,5347.0,861832.0,young soul rebels,1991,young rebels,1989.0
1870,2511.0,861832.0,young soul rebels,"[1991, 1977]",young rebels,1989.0
1871,5242.0,96538.0,bill,2007,bill,2011.0
1885,1940.0,680720.0,take me out,"[2012, 2008]",take out,2007.0
1887,3666.0,473239.0,million dollar legs,1932,million dollar legs,1932.0
1891,6315.0,759318.0,the secret life of bees,"[2008, 1979]",the secret life of chaos,2010.0
1895,2189.0,600674.0,rockshow,"[1980, 1987]",rockshow,1980.0
1897,349.0,513158.0,nos vies heureuses,"[1999, 1996]",nos vies heureuses,1999.0
1899,1956.0,349315.0,jam,"[2000, 1984]",jam,1999.0
1900,4297.0,349315.0,jam,"[2000, 1984]",jam,1999.0
1901,7230.0,349315.0,jam,"[2000, 1998]",jam,1999.0
1902,4814.0,659516.0,spotlight,"[2015, 2000]",spotlight 2,2016.0
1910,3919.0,358303.0,joy division,2007,joy division,2007.0
1929,137.0,492919.0,my name is joe,"[1998, 1968]",my name is oona,1969.0
1930,5953.0,492919.0,my name is joe,"[1998, 1968]",my name is oona,1969.0
1933,6964.0,144796.0,keep the lights on,"[2012, 1986]",coal keeps the lights on,2013.0
1941,6371.0,59410.0,anna,"[1967, 1998]",anna,1964.0
1954,2177.0,135725.0,chicago overcoat,"[2009, 1999]",chicago overcoat,2009.0
1958,4115.0,747338.0,the other sister,"[1999, 1971]",the other side,2003.0
1959,6270.0,747338.0,the other sister,"[1999, 2000]",the other side,2003.0
1961,1724.0,341408.0,into the wild,2007,into the wake,2012.0
1962,3103.0,373323.0,kill your darlings,"[2013, 2005]",kill your darling,2007.0
1974,5398.0,805116.0,u2: under a blood red sky,1983,u2: under a blood red sky,1983.0
1975,4895.0,805116.0,u2: under a blood red sky,"[1983, 1980]",u2: under a blood red sky,1983.0
1977,4454.0,439855.0,love & sex,"[2000, 2006]",love & sex etc.,1996.0
1980,4884.0,747439.0,the way,"[2010, 2008]",the other way,2010.0
1981,2371.0,747439.0,the way,"[2010, 1972]",the other way,2010.0
1987,6952.0,665983.0,stormy,"[1980, 1977]",stormy,1980.0
2037,5417.0,238603.0,fakta homma,1987,fakta homma,1987.0
2039,1707.0,771864.0,valentine,2001,the valentine,2000.0
2069,1771.0,553780.0,person of interest,"[2011, 1996]",persons of interest,2009.0
2071,57.0,748062.0,the pink panther,"[2006, 1998]",the panther,2007.0
2072,58.0,748062.0,the pink panther,"[2006, 1998]",the panther,2007.0
2079,948.0,741452.0,the midnight special,"[1972, 1958]",the midnight story,1957.0
2082,1214.0,223879.0,empty sky,2011,empty,2008.0
2092,6187.0,715433.0,the family man,"[2000, 1978]",the family web,1998.0
2098,7051.0,486243.0,mr. nobody,"[2009, 1987]",mr. nobody,2009.0
2099,2603.0,486243.0,mr. nobody,2009,mr. nobody,2009.0
2112,218.0,733212.0,the last supper,1995,the last supper,2000.0
2113,7018.0,733212.0,the last supper,"[2000, 1999]",the last supper,2000.0
2124,4663.0,741482.0,the best of me,"[2014, 1990]",the might of me,2014.0
2125,3478.0,599236.0,roadkill,"[1989, 1988]",roadkill,1989.0
2126,1565.0,599236.0,roadkill,"[1989, 1988]",roadkill,1989.0
2138,2955.0,690228.0,that evening sun,2009,that evening sun,2009.0
2140,4125.0,259908.0,friday night lights,"[2006, 2007]",friday night,2011.0
2141,5191.0,259908.0,friday night lights,"[2006, 2004]",friday night,2011.0
2142,4194.0,259908.0,friday night lights,"[2006, 2008]",friday night,2011.0
2143,3197.0,259908.0,friday night lights,"[2006, 2007]",friday night,2011.0
2144,3744.0,259908.0,friday night lights,2006,friday night,2011.0
2145,4817.0,259908.0,friday night lights,"[2006, 2003]",friday night,2011.0
2146,4819.0,259908.0,friday night lights,"[2006, 2003]",friday night,2011.0
2147,4820.0,259908.0,friday night lights,"[2006, 2003]",friday night,2011.0
2148,4818.0,259908.0,friday night lights,"[2006, 2003]",friday night,2011.0
2149,2358.0,259908.0,friday night lights,"[2006, 2009]",friday night,2011.0
2150,828.0,259908.0,friday night lights,"[2006, 2004]",friday night,2011.0
2151,2441.0,259908.0,friday night lights,2006,friday night,2011.0
2152,5089.0,259908.0,friday night lights,2006,friday night,2011.0
2154,6168.0,714690.0,the l word,"[2004, 2003]",the f word,2005.0
2155,4404.0,714690.0,the l word,"[2004, 2003]",the f word,2005.0
2156,6492.0,714690.0,the l word,"[2004, 2006]",the f word,2005.0
2166,6071.0,527666.0,once upon a time,2011,once upon a train,2013.0
2167,7146.0,527666.0,once upon a time,"[2011, 1957]",once upon a train,2013.0
2169,6830.0,642107.0,sing  bing  sing,1933,sing  bing  sing,1933.0
2170,159.0,749176.0,the perfect score,"[2004, 2002]",the perfect crime,2008.0
2182,11.0,764060.0,the good shepherd,"[2006, 1998]",the star shepherd,2011.0
2189,6327.0,298065.0,heavy petting,1989,heavy petting,1991.0
2190,2935.0,298065.0,heavy petting,"[1989, 1993]",heavy petting,1991.0
2191,4020.0,298065.0,heavy petting,"[1989, 1988]",heavy petting,1991.0
2192,3349.0,266686.0,garbage! the revolution starts at home,"[2007, 2004]",garbage! the revolution starts at home,2007.0
2196,4316.0,723112.0,the dream,"[2014, 2003]",the greatest dream,2016.0
2198,879.0,723112.0,the dream,"[2014, 2003]",the greatest dream,2016.0
2199,7071.0,34982.0,accidental love,"[2015, 1960]",accidental love,2015.0
2200,3728.0,152353.0,cool it,"[2010, 2009]",cool it,2010.0
2201,3542.0,491281.0,my sisters keeper,2009,my brothers keeper,2010.0
2206,7265.0,756123.0,the bling ring,"[2013, 2009]",the ring,2018.0
2214,4097.0,649457.0,so you think you can dance canada,"[2008, 2009]",so you think you can kill,2013.0
2215,2054.0,649457.0,so you think you can dance,"[2005, 2009]",so you think you can kill,2013.0
2216,6190.0,649457.0,so you think you can dance canada,"[2008, 2007]",so you think you can kill,2013.0
2223,6301.0,649457.0,so you think you can dance,"[2005, 2009]",so you think you can kill,2013.0
2227,2267.0,649457.0,so you think you can dance,"[2005, 2009]",so you think you can kill,2013.0
2229,2311.0,649457.0,so you think you can dance,"[2005, 2008]",so you think you can kill,2013.0
2232,4460.0,649457.0,so you think you can dance canada,2008,so you think you can kill,2013.0
2236,2492.0,649457.0,so you think you can dance,"[2005, 2009]",so you think you can kill,2013.0
2238,4776.0,649457.0,so you think you can dance canada,"[2008, 2007]",so you think you can kill,2013.0
2240,7017.0,649457.0,so you think you can dance canada,"[2008, 2006]",so you think you can kill,2013.0
2242,2981.0,649457.0,so you think you can dance,"[2005, 2010]",so you think you can kill,2013.0
2243,969.0,649457.0,so you think you can dance,"[2005, 2010]",so you think you can kill,2013.0
2244,3074.0,649457.0,so you think you can dance canada,"[2008, 2005]",so you think you can kill,2013.0
2246,5153.0,649457.0,so you think you can dance,"[2005, 2009]",so you think you can kill,2013.0
2247,5168.0,649457.0,so you think you can dance canada,"[2008, 2006]",so you think you can kill,2013.0
2250,3256.0,649457.0,so you think you can dance,"[2005, 2009]",so you think you can kill,2013.0
2251,6015.0,649457.0,so you think you can dance canada,"[2008, 1998]",so you think you can kill,2013.0
2254,1423.0,649457.0,so you think you can dance canada,"[2008, 2007]",so you think you can kill,2013.0
2256,1461.0,649457.0,so you think you can dance,"[2005, 2009]",so you think you can kill,2013.0
2258,6079.0,649457.0,so you think you can dance canada,2008,so you think you can kill,2013.0
2259,1739.0,649457.0,so you think you can dance canada,"[2008, 2009]",so you think you can kill,2013.0
2260,3835.0,649457.0,so you think you can dance canada,2008,so you think you can kill,2013.0
2261,5894.0,649457.0,so you think you can dance canada,"[2008, 2001]",so you think you can kill,2013.0
2263,1815.0,649457.0,so you think you can dance,"[2005, 2009]",so you think you can kill,2013.0
2265,5975.0,649457.0,so you think you can dance canada,"[2008, 2004]",so you think you can kill,2013.0
2269,1995.0,649457.0,so you think you can dance canada,"[2008, 2007]",so you think you can kill,2013.0
2270,2924.0,528521.0,one last chance,"[2004, 1940]",one last dance,2006.0
2274,1939.0,103959.0,blur,"[2010, 2005]",blur,2004.0
2300,1008.0,761412.0,the simpsons movie,"[2007, 1970]",the simpsons ride,2008.0
2301,2517.0,803569.0,two girls and a sailor,"[1944, 1999]",two girls and a baby,1998.0
2310,650.0,701419.0,the butcher boy,"[1997, 2001]",the bus boy,2003.0
2311,4247.0,701419.0,the doe boy,"[2001, 1999]",the bus boy,2003.0
2313,4000.0,701419.0,the doe boy,"[2001, 1982]",the bus boy,2003.0
2318,4272.0,820006.0,valentines day,"[2010, 1966]",valentines day,2014.0
2319,3306.0,820006.0,valentines day,"[2010, 2007]",valentines day,2014.0
2320,2386.0,820006.0,valentines day,"[2010, 1966]",valentines day,2014.0
2321,971.0,820006.0,valentines day,"[2010, 1966]",valentines day,2014.0
2322,4953.0,751557.0,the edge of love,2008,the premise of love,2009.0
2325,1610.0,312005.0,hope for steve,2014,hope for love,2013.0
2326,5867.0,312005.0,cure for love,"[2008, 2002]",hope for love,2013.0
2328,4521.0,786167.0,tin sun yut dui,2006,tin sun yut dui,2006.0
2329,3622.0,733814.0,the lather effect,2006,the lazarus effect,2010.0
2330,6810.0,733814.0,the lather effect,"[2006, 1985]",the lazarus effect,2010.0
2332,5749.0,695122.0,the bag man,"[2014, 1969]",the bad man,2016.0
2334,29.0,617613.0,saved!,"[2004, 1992]",saved!,2004.0
2335,3315.0,617613.0,saved!,2004,saved!,2004.0
2336,3770.0,835787.0,wasting away,"[2007, 1985]",wasting away,2008.0
2338,3124.0,775633.0,the nice guys,2016,the wise guys,2016.0
2339,5212.0,775633.0,the nice guys,2016,the wise guys,2016.0
2340,2850.0,775633.0,the nice guys,"[2016, 1999]",the wise guys,2016.0
2343,7134.0,594834.0,revenge,2011,revenge,2009.0
2350,5621.0,813375.0,une vie de chat,"[2010, 1959]",une vie de chien,2014.0
2356,2050.0,464667.0,medium,"[2005, 1995]",medium,2007.0
2357,6922.0,464667.0,medium,"[2005, 2002]",medium,2007.0
2358,5192.0,598718.0,river of no return,"[1954, 1993]",river of no return,1954.0
2359,999.0,747804.0,the pacific,"[2010, 1988]",the pacific parlour,2014.0
2364,6071.0,527525.0,once upon a time,2011,once upon a mine,2015.0
2365,7146.0,527525.0,once upon a time,"[2011, 1957]",once upon a mine,2015.0
2366,3281.0,215720.0,el beisbolista fen�meno,1952,el beisbolista fen?meno,1952.0
2367,5727.0,731979.0,the last american virgin,"[1982, 1980]",the last american virgin,1982.0
2368,6329.0,731979.0,the last american virgin,"[1982, 1980]",the last american virgin,1982.0
2370,3288.0,731979.0,the last american virgin,1982,the last american virgin,1982.0
2371,1785.0,731979.0,the last american virgin,1982,the last american virgin,1982.0
2372,5923.0,731979.0,the last american virgin,1982,the last american virgin,1982.0
2381,1501.0,409291.0,one night stand,"[2010, 1989]",last night stand,2013.0
2384,783.0,735290.0,the kill list,2007,the list,2005.0
2385,1045.0,513891.0,not a photograph: the mission of burma story,"[2006, 1981]",not a photograph: the mission of burma story,2006.0
2391,763.0,265876.0,man of the year,"[2006, 1985]",game of the year,2009.0
2393,6258.0,747781.0,the nanny diaries,"[2007, 1974]",the pbr diaries,2012.0
2394,1807.0,747781.0,the nanny diaries,"[2007, 1989]",the pbr diaries,2012.0
2396,5481.0,747781.0,the nanny diaries,2007,the pbr diaries,2012.0
2402,1085.0,62943.0,appointment in vancouver,"[2009, 2006]",appointment in vancouver,2009.0
2404,6046.0,121313.0,outlaws of the prairie,"[1937, 2002]",call of the prairie,1936.0
2406,1839.0,110806.0,breaking the waves,"[1996, 1971]",breaking the rules,1998.0
2407,864.0,110806.0,breaking the waves,"[1996, 1976]",breaking the rules,1998.0
2408,2432.0,110806.0,breaking the waves,"[1996, 1971]",breaking the rules,1998.0
2409,7095.0,513429.0,not another teen movie,2001,not another teen movie,2001.0
2414,5816.0,842161.0,whatever works,"[2009, 2002]",whatever works,2009.0
2415,1870.0,842161.0,whatever works,"[2009, 1957]",whatever works,2009.0
2418,4011.0,763421.0,the dark chronicles,"[2011, 1956]",the spiderwick chronicles,2008.0
2419,4947.0,690616.0,thats my boy,"[2012, 2007]",that's my boy,2012.0
2420,5553.0,321621.0,i spill your guts,"[2012, 2006]",i spill your guts,2012.0
2428,2943.0,399252.0,la mujer de mi vida,1998,la mujer de mi vida,2001.0
2452,4802.0,713540.0,the end of the tour,"[2015, 1967]",the end of war,2016.0
2461,5462.0,760107.0,the girl,2012,the shadow girl,2013.0
2468,2061.0,777133.0,the whole nine yards,2000,the yards,2000.0
2469,375.0,777133.0,the yards,2000,the yards,2000.0
2472,1845.0,765793.0,things behind the sun,"[2001, 1993]",the sun behind the blind,2006.0
2473,471.0,765793.0,things behind the sun,"[2001, 1979]",the sun behind the blind,2006.0
2502,6868.0,740404.0,the master of disguise,"[2002, 1981]",the master of disguise,2002.0
2503,5377.0,740404.0,the master of disguise,"[2002, 2001]",the master of disguise,2002.0
2504,2949.0,740404.0,the master of disguise,"[2002, 2001]",the master of disguise,2002.0
2506,939.0,108924.0,boy eats girl,"[2005, 2003]",boy meets girl,2007.0
2507,114.0,108924.0,boy eats girl,"[2005, 2003]",boy meets girl,2007.0
2509,2372.0,745135.0,the nightmare before christmas,"[1993, 1947]",the night before christmas,1946.0
2518,1898.0,513495.0,not fade away,"[2012, 1979]",not fade away,2010.0
2519,2231.0,513495.0,not fade away,2012,not fade away,2010.0
2522,6046.0,537112.0,outlaws of the prairie,"[1937, 2002]",outlaws of the range,1936.0
2523,3625.0,337034.0,independent lens,"[1999, 2000]",independent,1998.0
2524,6719.0,337034.0,independent lens,1999,independent,1998.0
2525,4660.0,337034.0,independent lens,1999,independent,1998.0
2526,5623.0,337034.0,independent lens,1999,independent,1998.0
2533,1585.0,187866.0,die �sterreichische methode,2006,die ?sterreichische methode,2006.0
2534,4101.0,829646.0,voices,"[1979, 1978]",voices,1979.0
2535,6179.0,751807.0,the rest of my life,"[2010, 2006]",the price of my life,2014.0
2544,6071.0,527569.0,once upon a time,2011,once upon a time,2014.0
2545,7146.0,527569.0,once upon a time,"[2011, 1957]",once upon a time,2014.0
2546,5156.0,744471.0,the social network,"[2010, 1996]",the network,2015.0
2556,1714.0,848996.0,win win,"[2011, 2005]",win,2012.0
2567,6773.0,48742.0,alpha and omega,"[2010, 2005]",alpha & omega,2003.0
2577,6414.0,669474.0,subterranean,2003,subterranean,1999.0
2578,2991.0,669474.0,subterranean,"[2003, 2004]",subterranean,1999.0
2579,3598.0,669474.0,subterranean,"[2003, 2005]",subterranean,1999.0
2580,159.0,749367.0,the perfect score,"[2004, 2002]",the perfect shot,2009.0
2587,6184.0,834673.0,war dogs,"[2016, 1963]",war dogs,2016.0
2588,3819.0,834673.0,war dogs,"[2016, 2004]",war dogs,2016.0
2589,6471.0,834673.0,war dogs,2016,war dogs,2016.0
2590,3453.0,834673.0,war dogs,2016,war dogs,2016.0
2593,3661.0,125685.0,carmen miranda: bananas is my business,1995,carmen miranda: bananas is my business,1995.0
2594,4316.0,711880.0,the dream,"[2014, 2003]",the dream,2006.0
2595,879.0,711880.0,the dream,"[2014, 2003]",the dream,2006.0
2596,6071.0,527548.0,once upon a time,2011,once upon a star,2014.0
2597,7146.0,527548.0,once upon a time,"[2011, 1957]",once upon a star,2014.0
2600,2924.0,408953.0,one last chance,"[2004, 1940]",last chance,1999.0
2603,1218.0,750470.0,the game plan,"[2007, 1977]",the plan,2007.0
2608,5476.0,731353.0,the kremlin letter,"[1970, 1960]",the kremlin letter,1970.0
2609,5506.0,731353.0,the kremlin letter,"[1970, 1991]",the kremlin letter,1970.0
2610,1953.0,731353.0,the kremlin letter,"[1970, 1960]",the kremlin letter,1970.0
2611,2426.0,376091.0,kissing a fool,"[1998, 1974]",kissing a fool,1998.0
2612,6543.0,376091.0,kissing a fool,1998,kissing a fool,1998.0
2614,3803.0,102515.0,blue in the face,1995,blood in the face,1991.0
2620,6157.0,463629.0,me myself i,"[1999, 1987]",me myself i,1999.0
2621,4113.0,114745.0,bunyip the movie,"[2013, 2007]",buddy: the movie,2009.0
2625,2422.0,107594.0,born to win,"[1971, 1991]",born to win,1971.0
2626,35.0,553202.0,perkele! kuvia suomesta,1971,perkele! kuvia suomesta,1971.0
2627,5069.0,188789.0,die hard with a vengeance,1995,die hard with a vengeance,1995.0
2637,1548.0,49207.0,altiplano,2009,altiplano,2009.0
2646,1695.0,701807.0,the river,"[2012, 1988]",the cahaba river,2013.0
2647,5371.0,506541.0,new orleans,"[1947, 1987]",night in new orleans,1942.0
2648,3336.0,506541.0,new orleans,"[1947, 1987]",night in new orleans,1942.0
2649,1409.0,506541.0,new orleans,"[1947, 1987]",night in new orleans,1942.0
2652,5749.0,696949.0,the bag man,"[2014, 1969]",the best man,2011.0
2658,6673.0,690055.0,sing sing thanksgiving,"[1974, 1990]",thanksgiving,1990.0
2662,6462.0,705110.0,the debt collector,"[1999, 1974]",the collector,1997.0
2671,6071.0,527490.0,once upon a time,2011,once upon a crime,2009.0
2672,7146.0,527490.0,once upon a time,"[2011, 1957]",once upon a crime,2009.0
2677,6849.0,187953.0,die antwort kennt nur der wind,"[1974, 1963]",die antwort kennt nur der wind,1974.0
2680,1634.0,730402.0,the key,"[1958, 2003]",the key,2007.0
2681,6201.0,659218.0,spooner,"[2009, 2006]",spooner,2009.0
2682,5196.0,579020.0,qualquer gato vira-lata,"[2011, 2006]",qualquer gato vira-lata 2,2015.0
2683,509.0,579020.0,qualquer gato vira-lata,"[2011, 2006]",qualquer gato vira-lata 2,2015.0
2685,6614.0,471461.0,middle of nowhere,2008,middle of nowhere,2010.0
2687,107.0,714146.0,the event,"[2003, 1967]",the event,2003.0
2688,1432.0,833036.0,wake,"[2009, 2008]",wake,2006.0
2689,429.0,736223.0,the lonely ones,"[2006, 2004]",the lonely road,2010.0
2691,595.0,719406.0,the crying game,"[1992, 1979]",the game,1994.0
2692,139.0,719406.0,the crying game,"[1992, 1968]",the game,1994.0
2694,5955.0,719406.0,the crying game,"[1992, 1968]",the game,1994.0
2697,157.0,696487.0,the mindy project,"[2012, 2004]",the beauty project,2005.0
2699,4398.0,696487.0,the mindy project,"[2012, 2004]",the beauty project,2005.0
2704,571.0,727630.0,the real hustle,"[2006, 2003]",the hustle,2008.0
2711,2085.0,375807.0,kiss kiss,"[2010, 2008]",kiss,2006.0
2728,5102.0,272557.0,out of sight,1966,gift of sight,1961.0
2741,3770.0,835786.0,wasting away,"[2007, 1985]",wasting away,2007.0
2742,4874.0,823986.0,veronika decides to die,"[2009, 2000]",veronika decides to die,2009.0
2743,5066.0,823986.0,veronika decides to die,"[2009, 1994]",veronika decides to die,2009.0
2745,5312.0,779755.0,things to do,2006,things to do,2006.0
2763,6365.0,618422.0,scam,"[1993, 2001]",scam,2001.0
2764,2410.0,618422.0,scam,"[1993, 2001]",scam,2001.0
2770,3686.0,427285.0,life,"[1999, 1994]",life,2000.0
2771,6896.0,427285.0,life,"[1999, 2001]",life,2000.0
2773,1119.0,427285.0,life,"[1999, 2001]",life,2000.0
2776,5477.0,342249.0,io e te,2012,io e te,2012.0
2778,699.0,454739.0,new best friend,"[2002, 1997]",man's best friend,1993.0
2783,6504.0,804148.0,two tickets to paradise,2006,two tickets to paradise,2011.0
2789,2783.0,854904.0,xanadu,"[1980, 1982]",xanadu,1980.0
2793,346.0,743294.0,the movie orgy,"[1968, 1963]",the movie orgy,1968.0
2808,763.0,546449.0,man of the year,"[2006, 1985]",party of the year,2005.0
2812,3776.0,774448.0,the wendell baker story,"[2005, 1971]",the wendell baker story,2005.0
2813,5450.0,774448.0,the wendell baker story,"[2005, 1971]",the wendell baker story,2005.0
2819,1519.0,111570.0,going the distance,"[2010, 2008]",bridging the distance,2013.0
2820,549.0,446906.0,alice in wonderland,2010,miv in wonderland,2015.0
2830,3403.0,39206.0,after the sunset,2004,after the sun,2009.0
2832,2356.0,501544.0,the neighbors,"[2012, 2009]",neighbors,2008.0
2833,2947.0,452189.0,making love,1982,making love,1982.0
2845,6071.0,527585.0,once upon a time,2011,once upon a time in bangkok,2009.0
2846,7146.0,527585.0,once upon a time,"[2011, 1957]",once upon a time in bangkok,2009.0
2850,2180.0,100206.0,black and blue,"[1981, 1972]",black and blue,1981.0
2852,3121.0,35844.0,act one,"[2005, 1988]",act one,2005.0
2853,7146.0,527616.0,once upon a time,"[2011, 1957]",once upon a time in space,2016.0
2854,6071.0,527616.0,once upon a time,2011,once upon a time in space,2016.0
2863,3328.0,765741.0,the help,2011,the summer help,2016.0
2864,6646.0,765741.0,the help,"[2011, 2005]",the summer help,2016.0
2876,2587.0,337261.0,indian summer,1993,indian summer,1996.0
2877,2425.0,337261.0,indian summer,"[1993, 1974]",indian summer,1996.0
2878,4582.0,467083.0,memphis rising: elvis returns,"[2011, 1969]",memphis rising: elvis returns,2011.0
2879,891.0,664916.0,stingray,"[1985, 2008]",stingray sam,2009.0
2887,2485.0,833484.0,walk on boy,2012,walk on by,2014.0
2889,6315.0,759331.0,the secret life of bees,"[2008, 1979]",the secret life of marionettes,2013.0
2890,706.0,759331.0,the secret life of pets,"[2016, 1975]",the secret life of marionettes,2013.0
2913,2378.0,123323.0,carts of darkness,"[2008, 2006]",candle of darkness,2012.0
2915,2578.0,616880.0,saturday night live,"[1975, 2007]",saturday night,2011.0
2920,6743.0,616880.0,saturday night live,"[1975, 2009]",saturday night,2011.0
2923,1168.0,616880.0,saturday night live,"[1975, 2009]",saturday night,2011.0
2924,6291.0,616880.0,saturday night live,"[1975, 2007]",saturday night,2011.0
2927,2776.0,616880.0,saturday night live,"[1975, 2006]",saturday night,2011.0
2928,5853.0,616880.0,saturday night live,"[1975, 2007]",saturday night,2011.0
2935,1821.0,616880.0,saturday night live,"[1975, 2010]",saturday night,2011.0
2937,5416.0,616880.0,saturday night live,"[1975, 2008]",saturday night,2011.0
2938,6443.0,616880.0,saturday night live,"[1975, 2006]",saturday night,2011.0
2945,5504.0,616880.0,saturday night live,"[1975, 2009]",saturday night,2011.0
2946,2442.0,616880.0,saturday night live,"[1975, 2008]",saturday night,2011.0
2951,2474.0,616880.0,saturday night live,"[1975, 2007]",saturday night,2011.0
2952,6579.0,616880.0,saturday night live,"[1975, 2006]",saturday night,2011.0
2959,7140.0,616880.0,saturday night live,"[1975, 2007]",saturday night,2011.0
2965,5162.0,688148.0,teresa brewer and the firehouse five plus two,"[1951, 1990]",teresa brewer and the firehouse five plus two,1951.0
2966,5712.0,688148.0,teresa brewer and the firehouse five plus two,"[1951, 1991]",teresa brewer and the firehouse five plus two,1951.0
2969,3178.0,858703.0,yeolhansi,"[2013, 1971]",yeolhansi,2013.0
2972,6078.0,201600.0,down,2001,down,2001.0
2981,939.0,108923.0,boy eats girl,"[2005, 2003]",boy meets girl,2006.0
2982,114.0,108923.0,boy eats girl,"[2005, 2003]",boy meets girl,2006.0
2990,6938.0,741479.0,call the midwife,"[2012, 1956]",the midwife,2012.0
2991,550.0,741479.0,call the midwife,"[2012, 1992]",the midwife,2012.0
2997,2835.0,521938.0,of all the things,"[2008, 1985]",of all the things,2012.0
3003,3132.0,739535.0,woman in the mirror,2013,the man in the mirror,2012.0
3011,2197.0,690059.0,sing sing thanksgiving,"[1974, 2000]",thanksgiving,2005.0
3013,5690.0,839215.0,welcome to the 80s,"[2009, 1981]",welcome to the zoo,2012.0
3014,1134.0,839215.0,welcome to the 80s,"[2009, 1998]",welcome to the zoo,2012.0
3015,6805.0,839215.0,welcome to the 80s,"[2009, 1992]",welcome to the zoo,2012.0
3016,3244.0,839215.0,welcome to the 80s,"[2009, 1986]",welcome to the zoo,2012.0
3017,174.0,839215.0,welcome to the 80s,"[2009, 1988]",welcome to the zoo,2012.0
3018,2251.0,839215.0,welcome to the 80s,"[2009, 1985]",welcome to the zoo,2012.0
3019,3814.0,839215.0,welcome to the 80s,"[2009, 2006]",welcome to the zoo,2012.0
3020,4370.0,839215.0,welcome to the rileys,2010,welcome to the zoo,2012.0
3021,1817.0,839215.0,welcome to the 80s,"[2009, 1980]",welcome to the zoo,2012.0
3022,837.0,839215.0,welcome to the 80s,2009,welcome to the zoo,2012.0
3023,1894.0,839215.0,welcome to the 80s,"[2009, 2006]",welcome to the zoo,2012.0
3024,2414.0,839215.0,welcome to the 80s,"[2009, 1981]",welcome to the zoo,2012.0
3025,5001.0,839215.0,welcome to the 80s,"[2009, 1988]",welcome to the zoo,2012.0
3026,2966.0,839215.0,welcome to the rileys,"[2010, 2007]",welcome to the zoo,2012.0
3027,4088.0,839215.0,welcome to the 80s,"[2009, 2006]",welcome to the zoo,2012.0
3028,4565.0,839215.0,welcome to the 80s,2009,welcome to the zoo,2012.0
3029,2038.0,839215.0,welcome to the 80s,"[2009, 1980]",welcome to the zoo,2012.0
3039,5360.0,180562.0,der krieger und die kaiserin,"[2000, 1999]",der krieger und die kaiserin,2000.0
3041,3532.0,868131.0,zoom,"[2006, 2000]",zoom,2007.0
3042,743.0,868131.0,zoom,"[2006, 2001]",zoom,2007.0
3043,3323.0,639562.0,siete mesas de billar franc�s,"[2007, 2005]",siete mesas de billar franc?s,2007.0
3046,1848.0,695006.0,the bachelorette,"[2003, 2009]",the bachelorette party,2014.0
3058,4690.0,171081.0,dawn of the dead,2004,dawna of the dead,2008.0
3059,1103.0,68568.0,ashes to ashes,"[2008, 1980]",ashes to ashes,2010.0
3060,3027.0,720932.0,the boy with the hungry eyes,1970,the girl with the hungry eyes,1967.0
3061,6981.0,729601.0,the jazz singer,1980,the jazz singer,1980.0
3063,5749.0,695121.0,the bag man,"[2014, 1969]",the bad man,2015.0
3076,1617.0,759346.0,the secret life of walter mitty,"[2013, 1979]",the secret life of walter mitty,2013.0
3077,3713.0,515101.0,now & forever,"[2002, 1999]",now & forever,2002.0
3078,3328.0,725352.0,the help,2011,the help,2011.0
3079,6646.0,725352.0,the help,"[2011, 2005]",the help,2011.0
3086,2356.0,744743.0,the neighbors,"[2012, 2009]",the new neighbors,2009.0
3087,2480.0,270727.0,get over it,"[2001, 1999]",get over it,1996.0
3098,4309.0,47174.0,all the wilderness,"[2014, 2007]",all the wilderness,2014.0
3110,5146.0,441325.0,love and music,1971,love and music,1971.0
3111,452.0,441325.0,love and music,1971,love and music,1971.0
3116,5433.0,276930.0,goin to town,"[1935, 2006]",goin' to town,1935.0
3117,350.0,323791.0,ill believe you,"[2006, 2005]",i'll believe you,2006.0
3118,518.0,245597.0,fifty,"[1999, 1998]",fifty,1999.0
3119,3836.0,245597.0,fifty,1999,fifty,1999.0
3123,3215.0,774230.0,the wedding date,"[2005, 1963]",the wedding,2001.0
3125,5800.0,774230.0,the wedding singer,"[1998, 1984]",the wedding,2001.0
3126,685.0,774230.0,the wedding date,"[2005, 1963]",the wedding,2001.0
3127,2753.0,774230.0,the wedding tackle,"[2000, 1969]",the wedding,2001.0
3128,4180.0,774230.0,the wedding singer,"[1998, 1984]",the wedding,2001.0
3129,215.0,774230.0,the wedding tackle,"[2000, 1979]",the wedding,2001.0
3147,5636.0,471538.0,midnight heat,"[2007, 1987]",midnight,2005.0
3148,2662.0,471538.0,midnight heat,"[2007, 1984]",midnight,2005.0
3165,1145.0,762896.0,the soul of a man,"[2003, 1931]",the soul of a man,2003.0
3166,2726.0,762896.0,the soul of a man,2003,the soul of a man,2003.0
3167,1790.0,762896.0,the soul of a man,"[2003, 1931]",the soul of a man,2003.0
3168,1791.0,762896.0,the soul of a man,"[2003, 1931]",the soul of a man,2003.0
3169,3844.0,762896.0,the soul of a man,"[2003, 1993]",the soul of a man,2003.0
3170,1300.0,762896.0,the soul of a man,"[2003, 1964]",the soul of a man,2003.0
3171,2867.0,762896.0,the soul of a man,"[2003, 1991]",the soul of a man,2003.0
3172,2914.0,762896.0,the soul of a man,"[2003, 1970]",the soul of a man,2003.0
3173,6581.0,762896.0,the soul of a man,"[2003, 1964]",the soul of a man,2003.0
3174,6582.0,762896.0,the soul of a man,"[2003, 1964]",the soul of a man,2003.0
3176,6771.0,697579.0,the sale,"[2015, 1993]",the big sale,2012.0
3178,2563.0,781782.0,threat,"[2006, 2003]",threat,2010.0
3179,4366.0,781782.0,threat,2006,threat,2010.0
3180,482.0,781782.0,threat,"[2006, 2001]",threat,2010.0
3182,5337.0,147922.0,the comedian,"[2012, 2001]",comedian,2013.0
3187,5448.0,633221.0,shes having a baby,"[1988, 1991]",she's having a baby,1988.0
3199,4912.0,853547.0,worst case scenario,2013,worst case scenario,2014.0
3217,4760.0,676181.0,sweet november,2001,sweet november,2001.0
3218,6235.0,731875.0,the look of love,"[2013, 1996]",the language of love,2013.0
3219,4953.0,731875.0,the edge of love,2008,the language of love,2013.0
3224,2995.0,89709.0,believe me,"[2014, 2007]",believe,2015.0
3238,157.0,699139.0,the mindy project,"[2012, 2004]",the body project,2011.0
3239,1281.0,699139.0,the mindy project,"[2012, 1976]",the body project,2011.0
3240,4398.0,699139.0,the mindy project,"[2012, 2004]",the body project,2011.0
3241,6454.0,699139.0,the mindy project,2012,the body project,2011.0
3242,6140.0,699139.0,the mindy project,"[2012, 1986]",the body project,2011.0
3253,1485.0,152500.0,copa de elite,2014,copa de elite,2014.0
3267,5933.0,774930.0,the whos tommy  the amazing journey,1993,the who's tommy  the amazing journey,1993.0
3271,5102.0,536579.0,out of sight,1966,out of sight,1966.0
3287,6071.0,527523.0,once upon a time,2011,once upon a mime,2013.0
3288,7146.0,527523.0,once upon a time,"[2011, 1957]",once upon a mime,2013.0
3290,7024.0,454577.0,man on wire,2008,man on fire,2009.0
3292,6664.0,314216.0,house of 9,"[2005, 2003]",house of love,2000.0
3293,2258.0,314216.0,house of 9,"[2005, 2003]",house of love,2000.0
3295,4525.0,656698.0,space is the place,"[1974, 1994]",space is the place,1974.0
3296,991.0,656698.0,space is the place,"[1974, 1994]",space is the place,1974.0
3297,6483.0,767960.0,the thomas crown affair,1999,the thomas crown affair,1999.0
3298,7172.0,832787.0,waiting for the light,"[1990, 1962]",waiting for the light,1990.0
3299,6538.0,832787.0,waiting for the light,"[1990, 2008]",waiting for the light,1990.0
3300,6636.0,832787.0,waiting for the light,"[1990, 1966]",waiting for the light,1990.0
3315,6583.0,512488.0,norbit,"[2007, 1992]",norbit,2007.0
3316,3874.0,716894.0,the firm,"[2009, 1982]",the firm,2004.0
3317,5750.0,587837.0,reason to kill,2013,reasons to kill,2015.0
3336,4522.0,591872.0,remote control,"[1930, 1973]",remote control,1930.0
3343,2371.0,746776.0,the way,"[2010, 1972]",the only way,1970.0
3346,568.0,375982.0,kiss the girls,"[1997, 1989]",kiss the girls goodbye,1997.0
3347,429.0,736160.0,the lonely ones,"[2006, 2004]",the lonely,2009.0
3348,6277.0,239585.0,family meeting,2007,family meeting,2011.0
3349,7101.0,813145.0,une nouvelle amie,"[2014, 1978]",une nouvelle amie,2014.0
3355,3639.0,206827.0,dumb and dumber to,"[2014, 1979]",dumb and dumber to,2014.0
3356,4358.0,206827.0,dumb and dumber to,2014,dumb and dumber to,2014.0
3358,11.0,721914.0,the good shepherd,"[2006, 1998]",the good shepherd,2004.0
3362,595.0,730706.0,the crying game,"[1992, 1979]",the killing game,1988.0
3363,139.0,730706.0,the crying game,"[1992, 1968]",the killing game,1988.0
3364,5955.0,730706.0,the crying game,"[1992, 1968]",the killing game,1988.0
3365,132.0,207222.0,duplicity,"[2009, 2005]",duplicity,2013.0
3372,5462.0,719987.0,the girl,2012,the georgia girl,2015.0
3378,2458.0,655326.0,soul mates,"[2008, 2001]",soul mates,2007.0
3379,6458.0,743038.0,the motel life,"[2012, 2002]",the motel life,2012.0
3383,1135.0,389274.0,looking: the movie,2016,l: the movie,2013.0
3386,7210.0,677108.0,sydney,"[1996, 2008]",sydney,2011.0
3392,5716.0,243191.0,feestje,2004,feestje,2004.0
3398,2970.0,734500.0,the libertines: there are no innocent bystanders,2011,the libertines: there are no innocent bystanders,2011.0
3417,6664.0,314301.0,house of 9,"[2005, 2003]",house of wong,2008.0
3418,2258.0,314301.0,house of 9,"[2005, 2003]",house of wong,2008.0
3419,4360.0,314301.0,house of wax,"[2005, 2004]",house of wong,2008.0
3427,545.0,57569.0,angel,"[1999, 1998]",angel,2004.0
3428,6669.0,57569.0,angel,"[1999, 1981]",angel,2004.0
3432,6071.0,527588.0,once upon a time,2011,once upon a time in detroit,2016.0
3433,7146.0,527588.0,once upon a time,"[2011, 1957]",once upon a time in detroit,2016.0
3434,4448.0,768522.0,the box,2009,the tin box,2013.0
3435,3549.0,95765.0,big mommas house,2000,big momma's house,2000.0
3436,7136.0,603713.0,roskisprinssi,2011,roskisprinssi,2011.0
3439,6168.0,745885.0,the l word,"[2004, 2003]",the o word,2007.0
3440,4404.0,745885.0,the l word,"[2004, 2003]",the o word,2007.0
3441,6492.0,745885.0,the l word,"[2004, 2006]",the o word,2007.0
3450,1153.0,748332.0,the party game,"[1970, 1967]",the party,1962.0
3454,6235.0,736566.0,the look of love,"[2013, 1996]",the look of love,2015.0
3466,2216.0,202604.0,dread,"[2009, 2008]",dread,2012.0
3468,2178.0,690911.0,the interview,"[2014, 2009]",the (non) interview,2015.0
3469,5809.0,690911.0,the interview,"[2014, 2009]",the (non) interview,2015.0
3483,2856.0,723127.0,the greatest,"[2009, 2007]",the greatest gift,2008.0
3503,4033.0,712076.0,the drifter,"[1965, 2005]",the drifter,1970.0
3504,596.0,712076.0,the drifter,"[1965, 1991]",the drifter,1970.0
3505,1158.0,712076.0,the drifter,"[1965, 1990]",the drifter,1970.0
3506,4050.0,712076.0,the drifter,"[1965, 1991]",the drifter,1970.0
3507,2538.0,761731.0,the skeleton twins,2014,the skeleton boy,2009.0
3514,1501.0,528506.0,one night stand,"[2010, 1989]",one knight stand,2014.0
3518,5110.0,815025.0,unreal,"[2015, 2006]",unreal,2011.0
3519,6664.0,314217.0,house of 9,"[2005, 2003]",house of luk,2001.0
3520,2258.0,314217.0,house of 9,"[2005, 2003]",house of luk,2001.0
3522,4448.0,717864.0,the box,2009,the focus box,2011.0
3523,4316.0,709507.0,the dream,"[2014, 2003]",the deepest dream,2012.0
3524,879.0,709507.0,the dream,"[2014, 2003]",the deepest dream,2012.0
3528,6877.0,672630.0,super,2010,super,2015.0
3529,5182.0,165744.0,dancing with the stars,"[2005, 2008]",dancing with the pros,2005.0
3530,6402.0,165744.0,dancing with the stars,"[2005, 1989]",dancing with the pros,2005.0
3531,6439.0,165744.0,dancing with the stars,"[2005, 2009]",dancing with the pros,2005.0
3532,433.0,165744.0,dancing with the stars,"[2005, 2003]",dancing with the pros,2005.0
3533,3025.0,165744.0,dancing with the stars,"[2004, 1992]",dancing with the pros,2005.0
3534,4595.0,165744.0,dancing with the stars,2005,dancing with the pros,2005.0
3536,1713.0,773796.0,the waterboy,"[1998, 2008]",the waterboy,1998.0
3542,1983.0,244921.0,song of the range,1944,feud of the range,1939.0
3543,6502.0,763131.0,this space between us,1999,the space between us,2003.0
3544,3764.0,591661.0,remember me,"[2010, 1999]",remember to forget me,2013.0
3551,557.0,272862.0,gimme shelter,1970,gimme shelter,1970.0
3552,7081.0,272862.0,gimme shelter,"[1970, 1973]",gimme shelter,1970.0
3553,3421.0,537140.0,outnumbered,2007,outnumbered,2011.0
3565,437.0,661688.0,standing still,"[2005, 1974]",standing still,2000.0
3577,5669.0,508992.0,control,"[2007, 1977]",no control,2011.0
3578,6209.0,508992.0,control,"[2007, 1977]",no control,2011.0
3579,1912.0,508992.0,control,"[2007, 1969]",no control,2011.0
3580,455.0,508992.0,control,"[2007, 1969]",no control,2011.0
3582,6854.0,745524.0,the affair,"[2014, 1988]",the nobistor affair,2017.0
3583,4396.0,745524.0,the affair,"[2014, 1974]",the nobistor affair,2017.0
3585,5690.0,839145.0,welcome to the 80s,"[2009, 1981]",welcome to the bubs,2013.0
3586,1134.0,839145.0,welcome to the 80s,"[2009, 1998]",welcome to the bubs,2013.0
3587,6805.0,839145.0,welcome to the 80s,"[2009, 1992]",welcome to the bubs,2013.0
3588,3244.0,839145.0,welcome to the 80s,"[2009, 1986]",welcome to the bubs,2013.0
3589,174.0,839145.0,welcome to the 80s,"[2009, 1988]",welcome to the bubs,2013.0
3590,2251.0,839145.0,welcome to the 80s,"[2009, 1985]",welcome to the bubs,2013.0
3591,3814.0,839145.0,welcome to the 80s,"[2009, 2006]",welcome to the bubs,2013.0
3592,4370.0,839145.0,welcome to the rileys,2010,welcome to the bubs,2013.0
3593,1817.0,839145.0,welcome to the 80s,"[2009, 1980]",welcome to the bubs,2013.0
3594,837.0,839145.0,welcome to the 80s,2009,welcome to the bubs,2013.0
3595,1894.0,839145.0,welcome to the 80s,"[2009, 2006]",welcome to the bubs,2013.0
3596,2414.0,839145.0,welcome to the 80s,"[2009, 1981]",welcome to the bubs,2013.0
3597,5001.0,839145.0,welcome to the 80s,"[2009, 1988]",welcome to the bubs,2013.0
3598,2966.0,839145.0,welcome to the rileys,"[2010, 2007]",welcome to the bubs,2013.0
3599,4565.0,839145.0,welcome to the 80s,2009,welcome to the bubs,2013.0
3600,2038.0,839145.0,welcome to the 80s,"[2009, 1980]",welcome to the bubs,2013.0
3601,4088.0,839145.0,welcome to the 80s,"[2009, 2006]",welcome to the bubs,2013.0
3613,5583.0,711444.0,the dilemma,"[2011, 2006]",the doll dilemma,2013.0
3615,4496.0,667907.0,strike!,"[1998, 1965]",strike!,2001.0
3617,5983.0,411119.0,le premier cercle,"[2009, 2007]",le cercle,2012.0
3618,1471.0,411119.0,le premier cercle,"[2009, 2007]",le cercle,2012.0
3619,6880.0,411119.0,le premier cercle,"[2009, 2006]",le cercle,2012.0
3622,6669.0,57561.0,angel,"[1999, 1981]",angel,1982.0
3630,2598.0,697321.0,the big empty,"[2005, 2000]",the big city,2010.0
3635,4611.0,555311.0,phil ochs: there but for fortune,"[2010, 1965]",phil ochs: there but for fortune,2010.0
3636,3727.0,555311.0,phil ochs: there but for fortune,"[2010, 1970]",phil ochs: there but for fortune,2010.0
3637,4979.0,555311.0,phil ochs: there but for fortune,"[2010, 1965]",phil ochs: there but for fortune,2010.0
3638,1964.0,744022.0,the naked mile,"[2006, 2000]",the naked eye,1995.0
3645,3717.0,476093.0,miss match,2003,miss match,2007.0
3646,2995.0,89747.0,believe me,"[2014, 2007]",believe you me,2011.0
3648,3023.0,850992.0,without limits,1998,without limits,1998.0
3662,7134.0,589189.0,revenge,2011,red revenge,2010.0
3684,6656.0,482408.0,more,1969,more,1969.0
3687,3329.0,586689.0,ray,2004,ray,2003.0
3688,521.0,586689.0,ray,"[2004, 1985]",ray,2003.0
3689,6698.0,586689.0,ray,2004,ray,2003.0
3690,6971.0,586689.0,ray,2004,ray,2003.0
3703,6854.0,745916.0,the affair,"[2014, 1988]",the oasis affair,2014.0
3704,4396.0,745916.0,the affair,"[2014, 1974]",the oasis affair,2014.0
3709,7147.0,841241.0,what planet are you from?,"[2000, 1957]",what planet are you from?,2000.0
3710,1405.0,841241.0,what planet are you from?,"[2000, 1974]",what planet are you from?,2000.0
3716,6802.0,189807.0,die schlikkerfrauen,"[2014, 1974]",die schlikkerfrauen,2014.0
3731,4971.0,636578.0,shooting fish,"[1997, 1968]",shooting fish,1997.0
3732,5773.0,757066.0,the roommate,2011,the roommate (ii),2010.0
3733,2832.0,757066.0,the roommate,"[2011, 2009]",the roommate (ii),2010.0
3734,4559.0,757066.0,the roommate,"[2011, 2008]",the roommate (ii),2010.0
3735,2614.0,736895.0,the lost moment,1947,the lost moment,1947.0
3739,2650.0,763545.0,the spirit of 76,"[1990, 1973]",the spirit of pushkin,1994.0
3740,5918.0,763545.0,the spirit of 76,"[1990, 1973]",the spirit of pushkin,1994.0
3741,3963.0,763545.0,the spirit of 76,1990,the spirit of pushkin,1994.0
3742,5115.0,763545.0,the spirit of 76,"[1990, 1976]",the spirit of pushkin,1994.0
3743,7092.0,743503.0,the hunter,"[2011, 1984]",the mushroom hunter,2013.0
3750,122.0,86882.0,beautiful  beautiful,2011,beautiful ink,2016.0
3751,7167.0,86882.0,beautiful  beautiful,2011,beautiful ink,2016.0
3753,1341.0,538405.0,p.o.v.,"[1988, 2003]",p.o.v.,2000.0
3754,1342.0,538405.0,p.o.v.,"[1988, 2003]",p.o.v.,2000.0
3766,4839.0,583675.0,rainbow,"[1995, 1994]",rainbow,2000.0
3769,4953.0,740258.0,the edge of love,2008,the mask of love,2012.0
3770,6235.0,740258.0,the look of love,"[2013, 1996]",the mask of love,2012.0
3771,4104.0,87160.0,beauty and the beast,"[2012, 1970]",beauty and the bun,2014.0
3772,6742.0,510954.0,noble,"[2014, 1988]",noble,2016.0
3775,6235.0,720155.0,the look of love,"[2013, 1996]",the ghost of love,2011.0
3777,771.0,485676.0,baseball,"[1994, 1997]",mr. baseball,1992.0
3789,6947.0,689455.0,the texas chainsaw massacre,2003,texas political chainsaw massacre,2002.0
3793,5805.0,187549.0,diciotto anni dopo,"[2010, 1988]",diciotto anni dopo,2010.0
3794,4756.0,421775.0,les dents de la nuit,"[2008, 2006]",les contes de la nuit,2011.0
3796,122.0,791017.0,beautiful  beautiful,2011,too beautiful,2016.0
3797,7167.0,791017.0,beautiful  beautiful,2011,too beautiful,2016.0
3800,6749.0,776835.0,the wrecking crew!,"[2008, 1967]",the wrecking crew,1968.0
3801,5279.0,776835.0,the wrecking crew!,"[2008, 1968]",the wrecking crew,1968.0
3803,4991.0,776835.0,the wrecking crew!,"[2008, 1968]",the wrecking crew,1968.0
3804,1695.0,756415.0,the river,"[2012, 1988]",the river run,2011.0
3828,6005.0,766304.0,the coming thing,1970,the swing thing,1972.0
3837,6492.0,743978.0,the l word,"[2004, 2006]",the n word,2011.0
3840,605.0,354480.0,jimi plays berkeley,"[1971, 1989]",jimi plays berkeley,1971.0
3841,2401.0,354480.0,jimi plays berkeley,"[1971, 1989]",jimi plays berkeley,1971.0
3845,2856.0,723188.0,the greatest,"[2009, 2007]",the greatest song,2009.0
3848,302.0,431321.0,little deaths,"[2011, 2009]",little deaths,2015.0
3860,83.0,766220.0,the sweet lady with the nasty voice,2008,the sweet lady with the nasty voice,2008.0
3861,4944.0,766220.0,the sweet lady with the nasty voice,2008,the sweet lady with the nasty voice,2008.0
3862,1865.0,766220.0,the sweet lady with the nasty voice,"[2008, 2003]",the sweet lady with the nasty voice,2008.0
3867,4598.0,254329.0,fool for love,"[1985, 1995]",for your love,1997.0
3872,5479.0,275957.0,go for it,"[2016, 1985]",go for it!,2011.0
3886,5156.0,762473.0,the social network,"[2010, 1996]",the social suicide network,2011.0
3887,5993.0,184062.0,desperado,1995,desperado,1995.0
3888,7225.0,666681.0,strange planet,"[1999, 1977]",strange planet,1999.0
3896,285.0,667212.0,stream,2009,stream,2008.0
3900,1050.0,86540.0,the heat,"[2013, 2007]",beat the heat,2015.0
3901,1268.0,86540.0,the heat,"[2013, 2007]",beat the heat,2015.0
3904,3772.0,513000.0,northern soul,"[2014, 1988]",northern soul,2014.0
3905,162.0,260256.0,friends with kids,"[2011, 2005]",friends with benefits,2011.0
3908,577.0,506609.0,night of the creeps,"[1986, 1985]",night of the creeps,1986.0
3909,4854.0,506609.0,night of the demons,"[2009, 1990]",night of the creeps,1986.0
3910,6960.0,506609.0,night of the demons,1988,night of the creeps,1986.0
3911,841.0,506609.0,night of the creeps,1986,night of the creeps,1986.0
3914,5425.0,609615.0,the sacrament,2013,sacrament,2008.0
3915,3263.0,609615.0,the sacrament,2013,sacrament,2008.0
3918,719.0,335454.0,in the land of women,2007,in the land of g-d,2009.0
3922,3739.0,867896.0,zombified 3d,2016,zombified 3d,2016.0
3925,4104.0,87148.0,beauty and the beast,"[2012, 1970]",beauty and the beasties,2007.0
3930,3604.0,491715.0,my father the hero,1994,my father the hero,1994.0
3934,660.0,165397.0,dance with me,1998,dance with me,2003.0
3935,679.0,646586.0,slipp jimmy fri,"[2006, 1982]",slipp jimmy fri,2006.0
3940,3243.0,730798.0,joe the king,"[1999, 1989]",the king,2002.0
3947,5423.0,720457.0,the girl next door,"[2004, 2003]",the girl next door,2003.0
3949,331.0,527631.0,once upon a time in the midlands,2002,once upon a time in the cia,2007.0
3950,7146.0,527631.0,once upon a time,"[2011, 1957]",once upon a time in the cia,2007.0
3951,6071.0,527631.0,once upon a time,2011,once upon a time in the cia,2007.0
3952,5393.0,731580.0,the lady in red,"[1979, 2005]",the lady in white,2010.0
3963,1222.0,799554.0,true love and chaos,"[1997, 1967]",true love and chaos,1997.0
3965,1366.0,834537.0,wanted: dead or alive,"[1987, 1940]",wanted: dead or alive,1984.0
3971,4953.0,758590.0,the edge of love,2008,the science of love,2005.0
3972,208.0,339737.0,insomnia,2002,insomnia,2006.0
3981,1200.0,736559.0,the killing of america,1981,the look of america,1977.0
3998,6097.0,749383.0,the perfect storm,"[2000, 1990]",the perfect stranger,2005.0
4000,588.0,293526.0,harry brown,2009,harry brown,2009.0
4001,612.0,836242.0,water,"[1985, 1979]",water power,1977.0
4003,3931.0,255190.0,forever,"[2014, 1988]",forever after,2015.0
4005,2470.0,196979.0,dogma,"[1999, 1975]",dogma,1999.0
4012,2808.0,742539.0,the money shot,"[2005, 1991]",the money shot,2009.0
4014,4769.0,152386.0,cool!,"[2004, 2000]",cool!,2004.0
4018,1356.0,439842.0,love & other drugs,2010,love & other drugs,2010.0
4019,6060.0,439842.0,love & other drugs,2010,love & other drugs,2010.0
4028,331.0,527641.0,once upon a time in the midlands,2002,once upon a time in the midlands,2002.0
4032,6017.0,265878.0,game over,"[2005, 2003]",game over,2001.0
4033,7260.0,846544.0,whole new thing,"[2005, 2001]",whole new thing,2005.0
4037,6004.0,733170.0,the last stand,"[2013, 1970]",the last stop,2013.0
4044,2605.0,758556.0,the school of rock,"[2003, 1986]",the school of rock,2003.0
4045,5289.0,758556.0,the school of rock,2003,the school of rock,2003.0
4046,1377.0,758556.0,the school of rock,2003,the school of rock,2003.0
4050,5174.0,147854.0,welcome to me,2014,come to me,2012.0
4057,5395.0,849840.0,winter meeting,"[1948, 2005]",winter meeting,1948.0
4059,6071.0,527506.0,once upon a time,2011,once upon a hill,2010.0
4060,7146.0,527506.0,once upon a time,"[2011, 1957]",once upon a hill,2010.0
4073,4861.0,201891.0,down to earth,2001,down to earth,2002.0
4075,3617.0,412723.0,le ciel est � nous,"[1997, 1992]",le ciel est ? nous,1997.0
4076,926.0,412723.0,le ciel est � nous,"[1997, 1981]",le ciel est ? nous,1997.0
4099,6124.0,424749.0,forget me not,"[2009, 2006]",let me not,2007.0
4115,5462.0,703935.0,the girl,2012,the chorus girl,2012.0
4117,4494.0,3427.0,17 filles,"[2011, 2010]",17 filles,2011.0
4130,595.0,763203.0,the crying game,"[1992, 1979]",the spanking game,1993.0
4131,139.0,763203.0,the crying game,"[1992, 1968]",the spanking game,1993.0
4132,5955.0,763203.0,the crying game,"[1992, 1968]",the spanking game,1993.0
4142,7155.0,142053.0,austin city limits,"[1975, 2006]",city limits,2011.0
4143,6612.0,617683.0,saving grace,"[2007, 2006]",saving grace,2010.0
4146,1351.0,331907.0,imitation life,"[2008, 2004]",imitation,1999.0
4150,4669.0,167489.0,dark horse,"[2011, 2009]",dark horse,2015.0
4155,7232.0,612108.0,salsa,1976,salsa,1976.0
4161,1839.0,110758.0,breaking the waves,"[1996, 1971]",breaking the bank,2000.0
4162,864.0,110758.0,breaking the waves,"[1996, 1976]",breaking the bank,2000.0
4163,2432.0,110758.0,breaking the waves,"[1996, 1971]",breaking the bank,2000.0
4177,4865.0,797599.0,trick r treat,"[2007, 2004]",trick or treat,2007.0
4181,5120.0,292829.0,hard to hold,1984,hard to hold,1984.0
4202,2987.0,401052.0,la linea,"[2009, 2008]",la prima linea,2009.0
4203,6235.0,731872.0,the look of love,"[2013, 1996]",the language of love,1997.0
4205,5381.0,834261.0,wanderlust,"[2006, 1995]",wanderlust,2011.0
4206,959.0,834261.0,wanderlust,"[2012, 1971]",wanderlust,2011.0
4218,4832.0,121699.0,cama de gato,2009,cama de gato,2012.0
4219,5521.0,637614.0,shrek 2,"[2004, 2003]",shrek 2,2004.0
4220,6999.0,637614.0,shrek 2,2004,shrek 2,2004.0
4223,4180.0,774285.0,the wedding singer,"[1998, 1984]",the wedding singer,1998.0
4224,5800.0,774285.0,the wedding singer,"[1998, 1984]",the wedding singer,1998.0
4225,2445.0,294676.0,the tell-tale heart,"[2016, 2005]",haunted poe: the tell-tale heart,2009.0
4229,586.0,51488.0,american horror story,2011,american love story,2015.0
4231,4034.0,820193.0,valley girl,"[1983, 1982]",valley girl,1983.0
4232,6366.0,522198.0,off the air,"[2011, 2008]",off air,2014.0
4234,3516.0,476738.0,one mississippi,2015,mississippi,2012.0
4236,6450.0,78202.0,balls to the wall,"[2011, 2007]",back to the wall,2006.0
4240,6550.0,227243.0,entrapment,"[1999, 2001]",entrapment,2005.0
4241,1658.0,377340.0,knockout,"[1941, 2002]",knockout,2007.0
4260,1591.0,642000.0,sing along,2013,sing,2016.0
4267,2860.0,778213.0,thelma & louise,1991,thelma & louise,1991.0
4269,1592.0,761471.0,the singing detective,2003,the singing detective,2003.0
4270,4807.0,761471.0,the singing detective,"[2003, 1959]",the singing detective,2003.0
4271,1246.0,761471.0,the singing detective,"[2003, 1958]",the singing detective,2003.0
4272,874.0,761471.0,the singing detective,2003,the singing detective,2003.0
4273,934.0,761471.0,the singing detective,"[2003, 2000]",the singing detective,2003.0
4274,2965.0,573419.0,project x,"[2012, 2007]",project x,2012.0
4275,4896.0,573419.0,project x,2012,project x,2012.0
4276,7103.0,573419.0,project x,2012,project x,2012.0
4277,5117.0,573419.0,project x,2012,project x,2012.0
4278,507.0,573419.0,project x,"[2012, 2008]",project x,2012.0
4281,6170.0,764277.0,the stepfather,"[2009, 2006]",the stepfather,2009.0
4284,3864.0,845394.0,white men cant jump,"[1992, 1966]",white men can't jump,1992.0
4285,2905.0,845394.0,white men cant jump,"[1992, 1993]",white men can't jump,1992.0
4286,5158.0,631664.0,shameless,"[2011, 2008]",shameless,2016.0
4287,2120.0,631664.0,shameless,"[2011, 2001]",shameless,2016.0
4288,3707.0,631664.0,shameless,2011,shameless,2016.0
4289,1873.0,631664.0,shameless,"[2011, 2009]",shameless,2016.0
4290,511.0,631664.0,shameless,"[2011, 2009]",shameless,2016.0
4291,2273.0,156171.0,crazy kind of love,"[2013, 1996]",crazy love,1996.0
4300,5796.0,540878.0,pale blood,1990,pale blood,1990.0
4314,5336.0,735848.0,the living end,1992,the living end,1992.0
4325,6375.0,482962.0,morning light,"[2008, 2004]",morning light,2010.0
4336,449.0,576351.0,punks dead: slc punk 2,"[2016, 1997]",punk's dead: slc punk 2,2016.0
4342,5004.0,178364.0,demonlover,"[2002, 2001]",demonlover,2002.0
4344,7092.0,708010.0,the hunter,"[2011, 1984]",the dakota hunter,2011.0
4345,1103.0,68518.0,ashes to ashes,"[2008, 1980]",ashes,1975.0
4355,6405.0,370104.0,keeping the faith,2000,keeping the faith,2000.0
4356,4779.0,610584.0,sahara,"[2005, 2009]",sahara,2014.0
4360,2242.0,305984.0,his eye is on the sparrow,2006,his eye is on the sparrow,2006.0
4361,5174.0,838957.0,welcome to me,2014,welcome to ebensee,2014.0
4368,2669.0,715647.0,the fast and the furious,"[2001, 1999]",the fast and the furious,2001.0
4369,3723.0,715647.0,the fast and the furious,2001,the fast and the furious,2001.0
4377,5163.0,300352.0,the rainmaker,"[1997, 1952]",henry  the rainmaker,1949.0
4378,1341.0,538407.0,p.o.v.,"[1988, 2003]",p.o.v.,2005.0
4379,1342.0,538407.0,p.o.v.,"[1988, 2003]",p.o.v.,2005.0
4380,2886.0,244771.0,festival n�mero 19,1966,festival n?mero 19,1966.0
4392,3845.0,566870.0,post mortem,"[1999, 1993]",post zap mortem,1996.0
4399,6778.0,670569.0,suicide kings,"[1997, 1975]",suicide kings,1997.0
4400,2478.0,99146.0,black and white,"[1999, 1997]",black & white,2002.0
4403,2835.0,713474.0,of all the things,"[2008, 1985]",the end of all things,2008.0
4415,4309.0,336059.0,all the wilderness,"[2014, 2007]",in the wilderness,2016.0
4416,958.0,851909.0,woman in a dressing gown,1957,woman in a dressing gown,1957.0
4417,2193.0,515144.0,now is good,2012,now is good,2012.0
4418,5410.0,515144.0,now is good,"[2012, 2007]",now is good,2012.0
4420,2085.0,375809.0,kiss kiss,"[2010, 2008]",kiss,2008.0
4421,5337.0,705353.0,the comedian,"[2012, 2001]",the comedian,2017.0
4424,1103.0,85028.0,ashes to ashes,"[2008, 1980]",batman: ashes to ashes,2009.0
4426,1566.0,442309.0,bored to death,"[2009, 2005]",loved to death,2007.0
4427,4362.0,442309.0,bored to death,"[2009, 2008]",loved to death,2007.0
4428,814.0,442309.0,bored to death,2009,loved to death,2007.0
4430,7038.0,259871.0,frida,"[2002, 1994]",frida,2001.0
4433,5704.0,536509.0,out of nowhere,"[2012, 1972]",out of nowhere,2009.0
4434,5146.0,441324.0,love and music,1971,love and murder,1966.0
4435,452.0,441324.0,love and music,1971,love and murder,1966.0
4443,122.0,86948.0,beautiful  beautiful,2011,beautiful phil,2011.0
4444,7167.0,86948.0,beautiful  beautiful,2011,beautiful phil,2011.0
4445,6154.0,248407.0,fireproof,"[2008, 2007]",fireproof,2013.0
4446,5731.0,248407.0,fireproof,2008,fireproof,2013.0
4450,4566.0,449034.0,made to order,"[1979, 1970]",made to order,1979.0
4463,1857.0,833794.0,wall street,1987,wall street,1987.0
4476,6179.0,737342.0,the rest of my life,"[2010, 2006]",the love of my life,2012.0
4477,7201.0,734669.0,the life and times of hank greenberg,1998,the life and times of hank greenberg,1998.0
4479,4272.0,820005.0,valentines day,"[2010, 1966]",valentines day,2007.0
4480,3306.0,820005.0,valentines day,"[2010, 2007]",valentines day,2007.0
4481,2386.0,820005.0,valentines day,"[2010, 1966]",valentines day,2007.0
4482,971.0,820005.0,valentines day,"[2010, 1966]",valentines day,2007.0
4484,3903.0,863249.0,yves saint laurent,2014,yves saint laurent,2014.0
4485,413.0,863249.0,yves saint laurent,"[2014, 1967]",yves saint laurent,2014.0
4486,5252.0,342848.0,iron eagle,1986,iron eagle ii,1988.0
4493,4884.0,336041.0,the way,"[2010, 2008]",in the way,2015.0
4494,2371.0,336041.0,the way,"[2010, 1972]",in the way,2015.0
4496,2232.0,692958.0,american nightmare,2002,the american nightmare,2000.0
4502,2891.0,783422.0,thunder in the valley,1947,thunder in the pines,1948.0
4510,4115.0,747337.0,the other sister,"[1999, 1971]",the other side,1999.0
4511,6270.0,747337.0,the other sister,"[1999, 2000]",the other side,1999.0
4512,1741.0,362857.0,kaboom,"[2010, 2009]",kaboom,2008.0
4513,5413.0,139820.0,chun gwong cha sit,"[1997, 2000]",chun gwong cha sit,1997.0
4517,5659.0,375056.0,kingpin,1996,kingpin,1996.0
4519,5694.0,859889.0,yoga hosers,"[2016, 1987]",yoga hosers,2016.0
4524,2294.0,782089.0,three kings,"[1999, 2008]",three kings,2010.0
4526,6235.0,747885.0,the look of love,"[2013, 1996]",the pain of love,2012.0
4527,4953.0,747885.0,the edge of love,2008,the pain of love,2012.0
4532,122.0,86923.0,beautiful  beautiful,2011,beautiful mum,2014.0
4533,7167.0,86923.0,beautiful  beautiful,2011,beautiful mum,2014.0
4540,6964.0,370108.0,keep the lights on,"[2012, 1986]",keeping the lights on,2007.0
4546,7228.0,492914.0,my name is earl,"[2005, 2008]",my name is naji,2010.0
4547,7247.0,492914.0,my name is earl,"[2005, 2004]",my name is naji,2010.0
4549,5354.0,492914.0,my name is earl,"[2005, 1969]",my name is naji,2010.0
4551,412.0,492914.0,my name is earl,"[2005, 1967]",my name is naji,2010.0
4559,3347.0,269754.0,gentlemen broncos,"[2009, 1984]",gentlemen broncos,2009.0
4560,6455.0,269754.0,gentlemen broncos,"[2009, 1984]",gentlemen broncos,2009.0
4566,3505.0,673902.0,surfacing,"[2015, 1988]",surfacing,2016.0
4567,4834.0,673902.0,surfacing,"[2015, 1993]",surfacing,2016.0
4575,2834.0,739505.0,the man in the high castle,"[2015, 1928]",the man in the case,2015.0
4582,2688.0,660650.0,st. louis blues,1929,st. louis blues,1929.0
4596,4295.0,760301.0,the swing of things,"[2013, 1996]",the shape of things,2001.0
4612,7092.0,316985.0,the hunter,"[2011, 1984]",hugh the hunter,2015.0
4614,6235.0,751800.0,the look of love,"[2013, 1996]",the price of love,2017.0
4615,2357.0,816584.0,up in the air,2009,up in the air,2014.0
4618,225.0,722282.0,the grand,"[2007, 1996]",the grand theft,2011.0
4621,7146.0,527625.0,once upon a time,"[2011, 1957]",once upon a time in venice,2016.0
4622,6071.0,527625.0,once upon a time,2011,once upon a time in venice,2016.0
4624,6582.0,725129.0,the soul of a man,"[2003, 1964]",the heart of a man,1959.0
4630,1300.0,725129.0,the soul of a man,"[2003, 1964]",the heart of a man,1959.0
4633,6581.0,725129.0,the soul of a man,"[2003, 1964]",the heart of a man,1959.0
4637,5589.0,87630.0,bedazzled,"[2000, 1967]",bedazzled,1967.0
4639,373.0,547965.0,patch adams,"[1998, 1970]",patch adams,1998.0
4644,4087.0,520693.0,observe and report,"[2009, 1966]",observe & report,2011.0
4648,87.0,8526.0,90 minutes in heaven,2015,7 minutes in heaven,2011.0
4649,6299.0,8526.0,90 minutes in heaven,2015,7 minutes in heaven,2011.0
4692,2875.0,706673.0,the cove,"[2009, 2004]",the cove,2009.0
4694,6004.0,763994.0,the last stand,"[2013, 1970]",the stand,2014.0
4704,5055.0,301614.0,here i am,"[2011, 2006]",here i am,2012.0
